timestamp,capital,unrealized_pnl,total_equity
2024-06-06 00:00:00,9998.934377455,-0.26627249999997726,9998.668104955
2024-06-06 01:00:00,9998.934377455,0.9562275000000227,9999.890604955
2024-06-06 02:00:00,9998.934377455,1.2787275000000227,10000.213104954999
2024-06-06 03:00:00,9998.934377455,0.2662275000000227,9999.200604955
2024-06-06 04:00:00,9998.934377455,0.5362275000000227,9999.470604955
2024-06-06 05:00:00,9998.934377455,-0.8437724999999773,9998.090604955
2024-06-06 06:00:00,9998.934377455,-1.0612724999999772,9997.873104955
2024-06-06 07:00:00,9998.934377455,0.003727500000022701,9998.938104955
2024-06-06 08:00:00,9998.934377455,-0.6637724999999772,9998.270604955
2024-06-06 09:00:00,9998.934377455,-0.1537724999999773,9998.780604955
2024-06-06 10:00:00,9998.934377455,-0.1987724999999773,9998.735604955
2024-06-06 11:00:00,9998.934377455,1.1662275000000226,10000.100604955
2024-06-06 12:00:00,9998.934377455,0.9412275000000226,9999.875604955
2024-06-06 13:00:00,9998.934377455,0.8962275000000227,9999.830604955
2024-06-06 14:00:00,9998.934377455,3.2812275000000226,10002.215604955
2024-06-06 15:00:00,9998.934377455,1.9162275000000226,10000.850604955
2024-06-06 16:00:00,9998.934377455,-0.3487724999999773,9998.585604955
2024-06-06 17:00:00,9998.934377455,0.5362275000000227,9999.470604955
2024-06-06 18:00:00,9998.934377455,0.6187275000000226,9999.553104954999
2024-06-06 19:00:00,9998.934377455,-4.076272499999977,9994.858104955
2024-06-06 20:00:00,9998.934377455,-2.4262724999999774,9996.508104954999
2024-06-06 21:00:00,9998.934377455,-1.8112724999999772,9997.123104955
2024-06-06 22:00:00,9998.934377455,-0.8437724999999773,9998.090604955
2024-06-06 23:00:00,9998.934377455,-1.5412724999999772,9997.393104955
2024-06-07 00:00:00,9998.934377455,-1.0987724999999773,9997.835604955
2024-06-07 01:00:00,9998.934377455,-1.0612724999999772,9997.873104955
2024-06-07 02:00:00,9998.934377455,-1.4587724999999772,9997.475604955
2024-06-07 03:00:00,9998.934377455,-0.2437724999999773,9998.690604955
2024-06-07 04:00:00,9998.934377455,1.6837275000000227,10000.618104955
2024-06-07 05:00:00,9998.934377455,2.0887275000000227,10001.023104955
2024-06-07 06:00:00,9998.934377455,1.8487275000000227,10000.783104955
2024-06-07 07:00:00,9998.934377455,0.6637275000000227,9999.598104955
2024-06-07 08:00:00,9998.934377455,0.6862275000000226,9999.620604955
2024-06-07 09:00:00,9998.934377455,2.0062275000000227,10000.940604955
2024-06-07 10:00:00,9998.934377455,2.688727500000023,10001.623104955
2024-06-07 11:00:00,9998.934377455,5.006227500000023,10003.940604955
2024-06-07 12:00:00,9998.934377455,1.7437275000000227,10000.678104954999
2024-06-07 13:00:00,9999.388079085,-0.44699375000000147,9998.941085335
2024-06-07 14:00:00,9999.388079085,0.5030062499999985,9999.891085334999
2024-06-07 15:00:00,9999.388079085,4.428006249999998,10003.816085335
2024-06-07 16:00:00,9999.388079085,7.678006249999999,10007.066085335
2024-06-07 17:00:00,10017.72014981,0.0,10017.72014981
2024-06-07 18:00:00,10017.72014981,0.0,10017.72014981
2024-06-07 19:00:00,10014.25161641,-0.8666999999997643,10013.38491641
2024-06-07 20:00:00,10014.25161641,-1.0916999999997643,10013.15991641
2024-06-07 21:00:00,10014.25161641,-1.8416999999997643,10012.40991641
2024-06-07 22:00:00,10014.25161641,3.808300000000236,10018.05991641
2024-06-07 23:00:00,10014.25161641,0.5833000000002357,10014.83491641
2024-06-08 00:00:00,10014.25161641,1.4833000000002359,10015.73491641
2024-06-08 01:00:00,10014.25161641,2.608300000000236,10016.85991641
2024-06-08 02:00:00,10014.25161641,1.8333000000002357,10016.08491641
2024-06-08 03:00:00,10014.25161641,2.3333000000002357,10016.58491641
2024-06-08 04:00:00,10014.25161641,-1.0166999999997643,10013.23491641
2024-06-08 05:00:00,10014.25161641,-0.9666999999997643,10013.28491641
2024-06-08 06:00:00,10014.25161641,-0.09169999999976426,10014.15991641
2024-06-08 07:00:00,10014.25161641,6.183300000000236,10020.43491641
2024-06-08 08:00:00,10014.25161641,2.633300000000236,10016.88491641
2024-06-08 09:00:00,10014.25161641,2.558300000000236,10016.80991641
2024-06-08 10:00:00,10014.25161641,3.483300000000236,10017.73491641
2024-06-08 11:00:00,10014.25161641,0.6583000000002358,10014.90991641
2024-06-08 12:00:00,10014.25161641,0.008300000000235742,10014.25991641
2024-06-08 13:00:00,10014.25161641,1.5833000000002357,10015.83491641
2024-06-08 14:00:00,10011.552629445001,-0.26054250000001045,10011.292086945
2024-06-08 15:00:00,10011.552629445001,-0.14804250000001049,10011.404586945
2024-06-08 16:00:00,10011.552629445001,0.22695749999998951,10011.779586945
2024-06-08 17:00:00,10011.552629445001,-0.035542500000010475,10011.517086945001
2024-06-08 18:00:00,10011.552629445001,-0.17054250000001048,10011.382086945001
2024-06-08 19:00:00,10011.552629445001,-0.38054250000001044,10011.172086945002
2024-06-08 20:00:00,10011.552629445001,0.4819574999999895,10012.034586945001
2024-06-08 21:00:00,10011.552629445001,0.14445749999998952,10011.697086945002
2024-06-08 22:00:00,10011.552629445001,0.7369574999999895,10012.289586945
2024-06-08 23:00:00,10011.552629445001,0.7894574999999895,10012.342086945
2024-06-09 00:00:00,10011.552629445001,0.9394574999999895,10012.492086945002
2024-06-09 01:00:00,10011.552629445001,0.9394574999999895,10012.492086945002
2024-06-09 02:00:00,10011.552629445001,1.7869574999999895,10013.339586945001
2024-06-09 03:00:00,10011.552629445001,1.1194574999999896,10012.672086945002
2024-06-09 04:00:00,10011.552629445001,0.9769574999999895,10012.529586945
2024-06-09 05:00:00,10011.552629445001,0.8269574999999895,10012.379586945
2024-06-09 06:00:00,10011.552629445001,0.4669574999999895,10012.019586945002
2024-06-09 07:00:00,10011.552629445001,1.0744574999999894,10012.627086945002
2024-06-09 08:00:00,10011.552629445001,0.7069574999999895,10012.259586945002
2024-06-09 09:00:00,10011.552629445001,0.5419574999999895,10012.094586945
2024-06-09 10:00:00,10011.552629445001,0.6394574999999895,10012.192086945
2024-06-09 11:00:00,10011.552629445001,0.4594574999999895,10012.012086945
2024-06-09 12:00:00,10011.552629445001,-2.1130425000000104,10009.439586945002
2024-06-09 13:00:00,10011.552629445001,-0.17054250000001048,10011.382086945001
2024-06-09 14:00:00,10011.552629445001,-0.2980425000000105,10011.254586945
2024-06-09 15:00:00,10011.552629445001,-0.7855425000000105,10010.767086945001
2024-06-09 16:00:00,10011.552629445001,-1.2655425000000105,10010.287086945002
2024-06-09 17:00:00,10011.552629445001,-1.8355425000000105,10009.717086945
2024-06-09 18:00:00,10011.552629445001,-2.0905425000000104,10009.462086945001
2024-06-09 19:00:00,10011.552629445001,-1.9255425000000104,10009.627086945002
2024-06-09 20:00:00,10011.552629445001,-1.7755425000000105,10009.777086945001
2024-06-09 21:00:00,10011.552629445001,-2.0905425000000104,10009.462086945001
2024-06-09 22:00:00,10011.552629445001,-1.2655425000000105,10010.287086945002
2024-06-09 23:00:00,10011.552629445001,-1.5205425000000103,10010.032086945
2024-06-10 00:00:00,10011.552629445001,-0.7480425000000105,10010.804586945002
2024-06-10 01:00:00,10011.552629445001,-1.5730425000000103,10009.979586945
2024-06-10 02:00:00,10011.552629445001,-2.0605425000000106,10009.492086945002
2024-06-10 03:00:00,10011.552629445001,-1.3105425000000104,10010.242086945002
2024-06-10 04:00:00,10011.552629445001,-1.5805425000000104,10009.972086945001
2024-06-10 05:00:00,10011.552629445001,-0.7780425000000104,10010.774586945001
2024-06-10 06:00:00,10011.552629445001,-0.043042500000010475,10011.509586945002
2024-06-10 07:00:00,10011.552629445001,1.1119574999999895,10012.664586945
2024-06-10 08:00:00,10011.552629445001,0.16695749999998952,10011.719586945
2024-06-10 09:00:00,10011.552629445001,0.1519574999999895,10011.704586945001
2024-06-10 10:00:00,10011.552629445001,0.2569574999999895,10011.809586945
2024-06-10 11:00:00,10011.552629445001,-0.028042500000010476,10011.524586945001
2024-06-10 12:00:00,10011.552629445001,0.7144574999999895,10012.267086945001
2024-06-10 13:00:00,10011.552629445001,0.4669574999999895,10012.019586945002
2024-06-10 14:00:00,10011.552629445001,-1.4605425000000105,10010.092086945
2024-06-10 15:00:00,10011.552629445001,-4.26554250000001,10007.287086945002
2024-06-10 16:00:00,10011.552629445001,-4.00304250000001,10007.549586945
2024-06-10 17:00:00,10011.552629445001,-4.49054250000001,10007.062086945001
2024-06-10 18:00:00,10011.552629445001,-3.24554250000001,10008.307086945
2024-06-10 19:00:00,10011.552629445001,-0.08804250000001047,10011.464586945001
2024-06-10 20:00:00,10011.552629445001,-1.4005425000000105,10010.152086945001
2024-06-10 21:00:00,10011.552629445001,-0.9430425000000104,10010.609586945002
2024-06-10 22:00:00,10009.104371340001,-0.2604637499999808,10008.84390759
2024-06-10 23:00:00,10009.104371340001,0.2870362500000192,10009.391407590001
2024-06-11 00:00:00,10009.104371340001,-0.6429637499999807,10008.46140759
2024-06-11 01:00:00,10009.104371340001,-6.20046374999998,10002.903907590002
2024-06-11 02:00:00,10009.104371340001,-9.55296374999998,9999.551407590001
2024-06-11 03:00:00,10009.104371340001,-7.88796374999998,10001.216407590002
2024-06-11 04:00:00,9993.396273472501,-0.8502624999997352,9992.5460109725
2024-06-11 05:00:00,9993.396273472501,-4.425262499999735,9988.971010972502
2024-06-11 06:00:00,9993.396273472501,-9.975262499999737,9983.4210109725
2024-06-11 07:00:00,9993.396273472501,-12.675262499999736,9980.721010972502
2024-06-11 08:00:00,9993.396273472501,-13.850262499999737,9979.5460109725
2024-06-11 09:00:00,9993.396273472501,-24.425262499999736,9968.971010972502
2024-06-11 10:00:00,9993.396273472501,-28.525262499999737,9964.871010972502
2024-06-11 11:00:00,9993.396273472501,-29.675262499999736,9963.721010972502
2024-06-11 12:00:00,9993.396273472501,-26.050262499999736,9967.346010972502
2024-06-11 13:00:00,9993.396273472501,-31.050262499999736,9962.346010972502
2024-06-11 14:00:00,9993.396273472501,-29.375262499999735,9964.021010972501
2024-06-11 15:00:00,9942.9849160725,0.0,9942.9849160725
2024-06-11 16:00:00,9939.6601545225,-0.8307749999999943,9938.8293795225
2024-06-11 17:00:00,9939.6601545225,7.619225000000006,9947.2793795225
2024-06-11 18:00:00,9939.6601545225,15.369225000000007,9955.0293795225
2024-06-11 19:00:00,9939.6601545225,22.71922500000001,9962.379379522501
2024-06-11 20:00:00,9939.6601545225,19.544225000000008,9959.2043795225
2024-06-11 21:00:00,9939.6601545225,22.34422500000001,9962.004379522501
2024-06-11 22:00:00,9939.6601545225,21.769225000000006,9961.4293795225
2024-06-11 23:00:00,9939.6601545225,20.894225000000006,9960.5543795225
2024-06-12 00:00:00,9939.6601545225,17.869225000000007,9957.5293795225
2024-06-12 01:00:00,9939.6601545225,16.219225000000005,9955.879379522501
2024-06-12 02:00:00,9939.6601545225,23.21922500000001,9962.879379522501
2024-06-12 03:00:00,9939.6601545225,22.694225000000007,9962.3543795225
2024-06-12 04:00:00,9939.6601545225,23.744225000000007,9963.4043795225
2024-06-12 05:00:00,9939.6601545225,18.344225000000005,9958.004379522501
2024-06-12 06:00:00,9939.6601545225,19.644225000000006,9959.3043795225
2024-06-12 07:00:00,9939.6601545225,23.71922500000001,9963.379379522501
2024-06-12 08:00:00,9956.8586897625,-0.2527199999999721,9956.605969762499
2024-06-12 09:00:00,9956.8586897625,-3.072719999999972,9953.785969762499
2024-06-12 10:00:00,9956.8586897625,-4.827719999999972,9952.0309697625
2024-06-12 11:00:00,9956.8586897625,-2.982719999999972,9953.8759697625
2024-06-12 12:00:00,9940.7855498025,0.0,9940.7855498025
2024-06-12 13:00:00,9940.7855498025,0.0,9940.7855498025
2024-06-12 14:00:00,9940.7855498025,0.0,9940.7855498025
2024-06-12 15:00:00,9940.7855498025,0.0,9940.7855498025
2024-06-12 16:00:00,9940.7855498025,0.0,9940.7855498025
2024-06-12 17:00:00,9939.318617703,-0.36654974999994006,9938.952067953
2024-06-12 18:00:00,9939.318617703,-10.75104974999994,9928.567567953
2024-06-12 19:00:00,9913.9939891185,0.0,9913.9939891185
2024-06-12 20:00:00,9912.290587843501,-0.4256374999999025,9911.8649503435
2024-06-12 21:00:00,9912.290587843501,5.049362500000098,9917.339950343501
2024-06-12 22:00:00,9912.290587843501,2.3618625000000977,9914.652450343501
2024-06-12 23:00:00,9912.290587843501,1.6243625000000976,9913.914950343502
2024-06-13 00:00:00,9912.290587843501,2.6118625000000977,9914.902450343501
2024-06-13 01:00:00,9912.290587843501,-1.9756374999999027,9910.314950343502
2024-06-13 02:00:00,9912.290587843501,-4.863137499999903,9907.4274503435
2024-06-13 03:00:00,9912.290587843501,-8.313137499999902,9903.977450343502
2024-06-13 04:00:00,9912.290587843501,-9.600637499999904,9902.689950343502
2024-06-13 05:00:00,9912.290587843501,-6.9631374999999025,9905.327450343502
2024-06-13 06:00:00,9912.290587843501,-7.563137499999903,9904.727450343502
2024-06-13 07:00:00,9912.290587843501,-5.263137499999903,9907.027450343501
2024-06-13 08:00:00,9912.290587843501,-7.100637499999903,9905.189950343502
2024-06-13 09:00:00,9912.290587843501,-8.888137499999903,9903.402450343501
2024-06-13 10:00:00,9912.290587843501,-3.7256374999999027,9908.564950343502
2024-06-13 11:00:00,9912.290587843501,-5.1506374999999025,9907.139950343502
2024-06-13 12:00:00,9912.290587843501,-5.138137499999903,9907.152450343501
2024-06-13 13:00:00,9912.290587843501,-6.688137499999903,9905.602450343502
2024-06-13 14:00:00,9912.290587843501,-9.713137499999903,9902.577450343502
2024-06-13 15:00:00,9889.101812181001,0.0,9889.101812181001
2024-06-13 16:00:00,9889.101812181001,0.0,9889.101812181001
2024-06-13 17:00:00,9889.101812181001,0.0,9889.101812181001
2024-06-13 18:00:00,9887.4294514185,-0.4178812500000277,9887.0115701685
2024-06-13 19:00:00,9887.4294514185,-3.842881250000028,9883.5865701685
2024-06-13 20:00:00,9887.4294514185,-2.717881250000028,9884.7115701685
2024-06-13 21:00:00,9887.4294514185,0.6196187499999724,9888.049070168501
2024-06-13 22:00:00,9887.4294514185,-0.06788125000002765,9887.361570168501
2024-06-13 23:00:00,9887.4294514185,-1.4803812500000277,9885.9490701685
2024-06-14 00:00:00,9887.4294514185,-2.080381250000028,9885.3490701685
2024-06-14 01:00:00,9887.4294514185,-1.2678812500000278,9886.1615701685
2024-06-14 02:00:00,9887.4294514185,1.3196187499999725,9888.7490701685
2024-06-14 03:00:00,9887.4294514185,-1.9928812500000277,9885.4365701685
2024-06-14 04:00:00,9887.4294514185,-2.117881250000028,9885.3115701685
2024-06-14 05:00:00,9887.4294514185,2.3696187499999724,9889.799070168501
2024-06-14 06:00:00,9887.4294514185,0.9946187499999724,9888.424070168501
2024-06-14 07:00:00,9887.4294514185,0.25711874999997236,9887.6865701685
2024-06-14 08:00:00,9887.4294514185,3.5446187499999726,9890.9740701685
2024-06-14 09:00:00,9887.4294514185,0.3571187499999724,9887.7865701685
2024-06-14 10:00:00,9887.4294514185,-0.042881250000027654,9887.3865701685
2024-06-14 11:00:00,9887.4294514185,1.7446187499999724,9889.174070168501
2024-06-14 12:00:00,9887.4294514185,2.4571187499999727,9889.8865701685
2024-06-14 13:00:00,9887.4294514185,2.8071187499999724,9890.236570168501
2024-06-14 14:00:00,9887.4294514185,1.1696187499999724,9888.5990701685
2024-06-14 15:00:00,9887.4294514185,-6.555381250000028,9880.8740701685
2024-06-14 16:00:00,9865.496667706,0.0,9865.496667706
2024-06-14 17:00:00,9865.496667706,0.0,9865.496667706
2024-06-14 18:00:00,9863.530715221,-0.49124249999997116,9863.039472721
2024-06-14 19:00:00,9863.530715221,-0.2662424999999712,9863.264472721
2024-06-14 20:00:00,9863.530715221,3.1987575000000286,9866.729472721001
2024-06-14 21:00:00,9863.530715221,9.873757500000028,9873.404472721
2024-06-14 22:00:00,9863.530715221,6.903757500000029,9870.434472721001
2024-06-14 23:00:00,9863.530715221,7.593757500000028,9871.124472721001
2024-06-15 00:00:00,9863.530715221,9.798757500000029,9873.329472721001
2024-06-15 01:00:00,9863.530715221,8.193757500000029,9871.724472721
2024-06-15 02:00:00,9863.530715221,10.008757500000028,9873.539472721
2024-06-15 03:00:00,9863.530715221,10.743757500000028,9874.274472721001
2024-06-15 04:00:00,9863.530715221,10.548757500000029,9874.079472721001
2024-06-15 05:00:00,9863.530715221,10.278757500000028,9873.809472721001
2024-06-15 06:00:00,9863.530715221,9.423757500000029,9872.954472721001
2024-06-15 07:00:00,9863.530715221,7.998757500000028,9871.529472721
2024-06-15 08:00:00,9863.530715221,9.783757500000029,9873.314472721
2024-06-15 09:00:00,9863.530715221,10.008757500000028,9873.539472721
2024-06-15 10:00:00,9863.530715221,11.193757500000029,9874.724472721
2024-06-15 11:00:00,9871.545319426,-0.24861749999992752,9871.296701926001
2024-06-15 12:00:00,9871.545319426,-0.3311174999999275,9871.214201926
2024-06-15 13:00:00,9871.545319426,-0.09861749999992753,9871.446701926001
2024-06-15 14:00:00,9871.545319426,0.39638250000007247,9871.941701926
2024-06-15 15:00:00,9871.545319426,-0.20361749999992754,9871.341701926001
2024-06-15 16:00:00,9871.545319426,0.48638250000007244,9872.031701926
2024-06-15 17:00:00,9871.545319426,-0.02361749999992753,9871.521701926002
2024-06-15 18:00:00,9871.545319426,0.8988825000000724,9872.444201926
2024-06-15 19:00:00,9871.545319426,0.8163825000000724,9872.361701926
2024-06-15 20:00:00,9871.545319426,1.6113825000000723,9873.156701926
2024-06-15 21:00:00,9871.545319426,1.0263825000000724,9872.571701926001
2024-06-15 22:00:00,9871.545319426,0.5238825000000724,9872.069201926
2024-06-15 23:00:00,9871.545319426,0.26888250000007247,9871.814201926001
2024-06-16 00:00:00,9871.545319426,0.6363825000000725,9872.181701926002
2024-06-16 01:00:00,9871.545319426,0.8988825000000724,9872.444201926
2024-06-16 02:00:00,9871.545319426,1.0113825000000725,9872.556701926002
2024-06-16 03:00:00,9871.545319426,1.0263825000000724,9872.571701926001
2024-06-16 04:00:00,9871.545319426,0.6888825000000725,9872.234201926001
2024-06-16 05:00:00,9871.545319426,0.17888250000007247,9871.724201926001
2024-06-16 06:00:00,9871.545319426,-0.3761174999999275,9871.169201926
2024-06-16 07:00:00,9871.545319426,-0.11361749999992753,9871.431701926002
2024-06-16 08:00:00,9871.545319426,-0.01611749999992753,9871.529201926001
2024-06-16 09:00:00,9871.545319426,-0.9311174999999275,9870.614201926
2024-06-16 10:00:00,9871.545319426,-3.1886174999999275,9868.356701926
2024-06-16 11:00:00,9871.545319426,-1.7711174999999275,9869.774201926
2024-06-16 12:00:00,9871.545319426,-2.2886174999999276,9869.256701926
2024-06-16 13:00:00,9871.545319426,-3.6836174999999276,9867.861701926
2024-06-16 14:00:00,9871.545319426,-1.9286174999999275,9869.616701926001
2024-06-16 15:00:00,9871.545319426,-3.4136174999999276,9868.131701926
2024-06-16 16:00:00,9871.545319426,-2.4986174999999275,9869.046701926001
2024-06-16 17:00:00,9871.545319426,-2.2436174999999277,9869.301701926
2024-06-16 18:00:00,9871.545319426,-2.5211174999999275,9869.024201926
2024-06-16 19:00:00,9871.545319426,-2.0561174999999277,9869.489201926
2024-06-16 20:00:00,9871.545319426,-1.8461174999999275,9869.699201926001
2024-06-16 21:00:00,9871.545319426,-1.8536174999999275,9869.691701926
2024-06-16 22:00:00,9871.545319426,-3.7136174999999274,9867.831701926001
2024-06-16 23:00:00,9871.545319426,-3.0911174999999274,9868.454201926
2024-06-17 00:00:00,9871.545319426,-2.3861174999999273,9869.159201926
2024-06-17 01:00:00,9871.545319426,-1.5386174999999276,9870.006701926
2024-06-17 02:00:00,9871.545319426,-0.6236174999999275,9870.921701926001
2024-06-17 03:00:00,9871.545319426,0.15638250000007245,9871.701701926
2024-06-17 04:00:00,9871.545319426,-1.2611174999999275,9870.284201926
2024-06-17 05:00:00,9871.545319426,-0.6836174999999275,9870.861701926
2024-06-17 06:00:00,9871.545319426,1.2888825000000723,9872.834201926002
2024-06-17 07:00:00,9871.545319426,0.5463825000000725,9872.091701926001
2024-06-17 08:00:00,9871.545319426,0.32888250000007246,9871.874201926
2024-06-17 09:00:00,9874.459109086001,0.0,9874.459109086001
2024-06-17 10:00:00,9874.459109086001,0.0,9874.459109086001
2024-06-17 11:00:00,9872.812636261002,-0.41141250000000584,9872.401223761002
2024-06-17 12:00:00,9872.812636261002,-3.311412500000006,9869.501223761003
2024-06-17 13:00:00,9872.812636261002,-7.9989125000000065,9864.813723761003
2024-06-17 14:00:00,9872.812636261002,-5.073912500000006,9867.738723761002
2024-06-17 15:00:00,9872.812636261002,-6.261412500000006,9866.551223761002
2024-06-17 16:00:00,9872.812636261002,0.4385874999999942,9873.251223761003
2024-06-17 17:00:00,9872.812636261002,9.401087499999994,9882.213723761002
2024-06-17 18:00:00,9872.812636261002,15.501087499999995,9888.313723761003
2024-06-17 19:00:00,9872.812636261002,10.663587499999995,9883.476223761001
2024-06-17 20:00:00,9872.812636261002,7.751087499999994,9880.563723761003
2024-06-17 21:00:00,9872.812636261002,9.351087499999995,9882.163723761001
2024-06-17 22:00:00,9872.812636261002,10.776087499999996,9883.588723761002
2024-06-17 23:00:00,9872.812636261002,8.876087499999995,9881.688723761003
2024-06-18 00:00:00,9872.812636261002,-0.7114125000000059,9872.101223761001
2024-06-18 01:00:00,9872.812636261002,-8.361412500000005,9864.451223761002
2024-06-18 02:00:00,9872.812636261002,-3.873912500000006,9868.938723761003
2024-06-18 03:00:00,9872.812636261002,-3.623912500000006,9869.188723761003
2024-06-18 04:00:00,9872.812636261002,-2.361412500000006,9870.451223761002
2024-06-18 05:00:00,9872.812636261002,-1.861412500000006,9870.951223761002
2024-06-18 06:00:00,9872.812636261002,-3.873912500000006,9868.938723761003
2024-06-18 07:00:00,9872.812636261002,-0.8739125000000059,9871.938723761003
2024-06-18 08:00:00,9872.812636261002,-0.31141250000000587,9872.501223761003
2024-06-18 09:00:00,9872.812636261002,-3.598912500000006,9869.213723761002
2024-06-18 10:00:00,9872.812636261002,-3.123912500000006,9869.688723761003
2024-06-18 11:00:00,9872.812636261002,-4.698912500000006,9868.113723761002
2024-06-18 12:00:00,9872.812636261002,-6.473912500000006,9866.338723761002
2024-06-18 13:00:00,9872.812636261002,-11.848912500000006,9860.963723761002
2024-06-18 14:00:00,9872.812636261002,-14.123912500000007,9858.688723761003
2024-06-18 15:00:00,9872.812636261002,-13.836412500000007,9858.976223761001
2024-06-18 16:00:00,9872.812636261002,-13.361412500000007,9859.451223761002
2024-06-18 17:00:00,9872.812636261002,-14.586412500000007,9858.226223761001
2024-06-18 18:00:00,9872.812636261002,-13.536412500000006,9859.276223761002
2024-06-18 19:00:00,9853.836342536002,0.0,9853.836342536002
2024-06-18 20:00:00,9853.836342536002,0.0,9853.836342536002
2024-06-18 21:00:00,9853.836342536002,0.0,9853.836342536002
2024-06-18 22:00:00,9853.836342536002,0.0,9853.836342536002
2024-06-18 23:00:00,9852.204201873503,-0.4078312499999811,9851.796370623502
2024-06-19 00:00:00,9852.204201873503,-0.4828312499999811,9851.721370623503
2024-06-19 01:00:00,9852.204201873503,-2.3703312499999813,9849.833870623503
2024-06-19 02:00:00,9852.204201873503,1.779668750000019,9853.983870623502
2024-06-19 03:00:00,9852.204201873503,2.479668750000019,9854.683870623503
2024-06-19 04:00:00,9852.204201873503,3.0171687500000193,9855.221370623503
2024-06-19 05:00:00,9852.204201873503,3.154668750000019,9855.358870623502
2024-06-19 06:00:00,9852.204201873503,4.9671687500000195,9857.171370623502
2024-06-19 07:00:00,9852.204201873503,1.729668750000019,9853.933870623503
2024-06-19 08:00:00,9852.204201873503,-0.07033124999998108,9852.133870623504
2024-06-19 09:00:00,9852.204201873503,1.229668750000019,9853.433870623503
2024-06-19 10:00:00,9852.204201873503,3.679668750000019,9855.883870623504
2024-06-19 11:00:00,9852.204201873503,0.41716875000001896,9852.621370623503
2024-06-19 12:00:00,9852.204201873503,-0.4578312499999811,9851.746370623503
2024-06-19 13:00:00,9852.204201873503,-1.3703312499999811,9850.833870623503
2024-06-19 14:00:00,9852.204201873503,-2.882831249999981,9849.321370623504
2024-06-19 15:00:00,9852.204201873503,-3.4953312499999813,9848.708870623503
2024-06-19 16:00:00,9852.204201873503,-3.1203312499999813,9849.083870623503
2024-06-19 17:00:00,9852.204201873503,-1.2078312499999813,9850.996370623503
2024-06-19 18:00:00,9852.204201873503,-2.6453312499999813,9849.558870623503
2024-06-19 19:00:00,9852.204201873503,-3.670331249999981,9848.533870623503
2024-06-19 20:00:00,9852.204201873503,-4.195331249999981,9848.008870623504
2024-06-19 21:00:00,9852.204201873503,-2.0828312499999813,9850.121370623503
2024-06-19 22:00:00,9852.204201873503,-4.332831249999981,9847.871370623503
2024-06-19 23:00:00,9852.204201873503,-2.6828312499999813,9849.521370623503
2024-06-20 00:00:00,9852.204201873503,-1.2953312499999812,9850.908870623503
2024-06-20 01:00:00,9852.204201873503,-0.2828312499999811,9851.921370623502
2024-06-20 02:00:00,9852.204201873503,0.15466875000001892,9852.358870623502
2024-06-20 03:00:00,9852.204201873503,0.21716875000001892,9852.421370623502
2024-06-20 04:00:00,9852.204201873503,1.679668750000019,9853.883870623504
2024-06-20 05:00:00,9852.204201873503,4.179668750000019,9856.383870623504
2024-06-20 06:00:00,9852.702661983503,-0.24587999999999738,9852.456781983503
2024-06-20 07:00:00,9852.702661983503,-3.380879999999997,9849.321781983503
2024-06-20 08:00:00,9852.702661983503,-2.068379999999997,9850.634281983503
2024-06-20 09:00:00,9852.702661983503,-2.278379999999997,9850.424281983504
2024-06-20 10:00:00,9852.702661983503,-6.005879999999997,9846.696781983503
2024-06-20 11:00:00,9852.702661983503,-5.750879999999997,9846.951781983504
2024-06-20 12:00:00,9852.702661983503,-4.0783799999999975,9848.624281983502
2024-06-20 13:00:00,9852.702661983503,1.8466200000000026,9854.549281983504
2024-06-20 14:00:00,9852.702661983503,3.5191200000000027,9856.221781983504
2024-06-20 15:00:00,9852.702661983503,4.441620000000002,9857.144281983503
2024-06-20 16:00:00,9852.702661983503,4.201620000000003,9856.904281983503
2024-06-20 17:00:00,9852.702661983503,3.6391200000000024,9856.341781983503
2024-06-20 18:00:00,9852.702661983503,2.4166200000000027,9855.119281983503
2024-06-20 19:00:00,9852.785429103504,-0.40714999999991053,9852.378279103505
2024-06-20 20:00:00,9852.785429103504,0.6178500000000895,9853.403279103504
2024-06-20 21:00:00,9852.785429103504,-0.019649999999910506,9852.765779103504
2024-06-20 22:00:00,9852.785429103504,-0.9321499999999106,9851.853279103503
2024-06-20 23:00:00,9852.785429103504,-2.1196499999999108,9850.665779103503
2024-06-21 00:00:00,9852.785429103504,-3.0071499999999105,9849.778279103504
2024-06-21 01:00:00,9852.785429103504,-0.8196499999999105,9851.965779103504
2024-06-21 02:00:00,9852.785429103504,-2.9821499999999106,9849.803279103504
2024-06-21 03:00:00,9852.785429103504,-6.7571499999999105,9846.028279103504
2024-06-21 04:00:00,9852.785429103504,-4.769649999999911,9848.015779103504
2024-06-21 05:00:00,9852.785429103504,-4.719649999999911,9848.065779103505
2024-06-21 06:00:00,9852.785429103504,-5.107149999999911,9847.678279103504
2024-06-21 07:00:00,9852.785429103504,-10.357149999999912,9842.428279103504
2024-06-21 08:00:00,9833.049169816004,0.0,9833.049169816004
2024-06-21 09:00:00,9833.049169816004,0.0,9833.049169816004
2024-06-21 10:00:00,9833.049169816004,0.0,9833.049169816004
2024-06-21 11:00:00,9833.049169816004,0.0,9833.049169816004
2024-06-21 12:00:00,9833.049169816004,0.0,9833.049169816004
2024-06-21 13:00:00,9833.049169816004,0.0,9833.049169816004
2024-06-21 14:00:00,9833.049169816004,0.0,9833.049169816004
2024-06-21 15:00:00,9831.453472366004,-0.39872499999992217,9831.054747366004
2024-06-21 16:00:00,9831.453472366004,-1.0862249999999223,9830.367247366004
2024-06-21 17:00:00,9831.453472366004,-0.7112249999999222,9830.742247366004
2024-06-21 18:00:00,9831.453472366004,5.626275000000078,9837.079747366004
2024-06-21 19:00:00,9831.453472366004,6.351275000000078,9837.804747366004
2024-06-21 20:00:00,9831.453472366004,5.463775000000078,9836.917247366004
2024-06-21 21:00:00,9831.453472366004,4.413775000000078,9835.867247366004
2024-06-21 22:00:00,9831.453472366004,5.438775000000078,9836.892247366004
2024-06-21 23:00:00,9831.453472366004,5.113775000000079,9836.567247366003
2024-06-22 00:00:00,9831.453472366004,4.101275000000078,9835.554747366004
2024-06-22 01:00:00,9831.453472366004,5.563775000000078,9837.017247366004
2024-06-22 02:00:00,9831.453472366004,7.351275000000078,9838.804747366004
2024-06-22 03:00:00,9831.453472366004,7.663775000000078,9839.117247366004
2024-06-22 04:00:00,9831.453472366004,8.163775000000077,9839.617247366004
2024-06-22 05:00:00,9831.453472366004,8.251275000000078,9839.704747366004
2024-06-22 06:00:00,9831.453472366004,8.488775000000079,9839.942247366003
2024-06-22 07:00:00,9831.453472366004,9.501275000000078,9840.954747366004
2024-06-22 08:00:00,9831.453472366004,7.051275000000079,9838.504747366003
2024-06-22 09:00:00,9831.453472366004,7.563775000000078,9839.017247366004
2024-06-22 10:00:00,9831.453472366004,7.351275000000078,9838.804747366004
2024-06-22 11:00:00,9831.453472366004,6.651275000000078,9838.104747366004
2024-06-22 12:00:00,9831.453472366004,7.151275000000078,9838.604747366004
2024-06-22 13:00:00,9835.328644886004,-0.24140999999995982,9835.087234886003
2024-06-22 14:00:00,9835.328644886004,-0.3539099999999598,9834.974734886004
2024-06-22 15:00:00,9835.328644886004,-0.4589099999999598,9834.869734886004
2024-06-22 16:00:00,9835.328644886004,-0.44390999999995984,9834.884734886004
2024-06-22 17:00:00,9835.328644886004,0.006090000000040163,9835.334734886004
2024-06-22 18:00:00,9835.328644886004,-0.14390999999995982,9835.184734886003
2024-06-22 19:00:00,9835.328644886004,-0.24890999999995983,9835.079734886003
2024-06-22 20:00:00,9835.328644886004,-0.22640999999995984,9835.102234886004
2024-06-22 21:00:00,9835.328644886004,-0.49640999999995983,9834.832234886004
2024-06-22 22:00:00,9835.328644886004,-0.43640999999995983,9834.892234886003
2024-06-22 23:00:00,9835.328644886004,-0.19640999999995984,9835.132234886003
2024-06-23 00:00:00,9835.328644886004,-1.5914099999999598,9833.737234886004
2024-06-23 01:00:00,9835.328644886004,-1.7864099999999599,9833.542234886003
2024-06-23 02:00:00,9835.328644886004,-1.9589099999999597,9833.369734886004
2024-06-23 03:00:00,9835.328644886004,-1.4489099999999597,9833.879734886004
2024-06-23 04:00:00,9835.328644886004,-1.06640999999996,9834.262234886004
2024-06-23 05:00:00,9835.328644886004,-1.06640999999996,9834.262234886004
2024-06-23 06:00:00,9835.328644886004,-1.0514099999999598,9834.277234886003
2024-06-23 07:00:00,9835.328644886004,-1.2164099999999598,9834.112234886004
2024-06-23 08:00:00,9835.328644886004,-1.0739099999999597,9834.254734886004
2024-06-23 09:00:00,9835.328644886004,-1.2914099999999598,9834.037234886004
2024-06-23 10:00:00,9835.328644886004,-0.5264099999999599,9834.802234886003
2024-06-23 11:00:00,9835.328644886004,-0.6614099999999599,9834.667234886003
2024-06-23 12:00:00,9835.328644886004,-0.9089099999999598,9834.419734886003
2024-06-23 13:00:00,9835.328644886004,-0.30890999999995983,9835.019734886004
2024-06-23 14:00:00,9835.328644886004,0.5085900000000402,9835.837234886003
2024-06-23 15:00:00,9835.328644886004,1.23609000000004,9836.564734886004
2024-06-23 16:00:00,9835.328644886004,2.39109000000004,9837.719734886003
2024-06-23 17:00:00,9835.328644886004,1.0860900000000402,9836.414734886004
2024-06-23 18:00:00,9835.328644886004,1.0860900000000402,9836.414734886004
2024-06-23 19:00:00,9835.328644886004,0.9210900000000402,9836.249734886003
2024-06-23 20:00:00,9835.328644886004,3.90609000000004,9839.234734886004
2024-06-23 21:00:00,9835.328644886004,3.32859000000004,9838.657234886003
2024-06-23 22:00:00,9835.328644886004,4.55859000000004,9839.887234886004
2024-06-23 23:00:00,9835.328644886004,7.88859000000004,9843.217234886004
2024-06-24 00:00:00,9835.328644886004,8.72859000000004,9844.057234886004
2024-06-24 01:00:00,9835.328644886004,6.97359000000004,9842.302234886003
2024-06-24 02:00:00,9835.328644886004,10.11609000000004,9845.444734886003
2024-06-24 03:00:00,9835.328644886004,10.28109000000004,9845.609734886004
2024-06-24 04:00:00,9835.328644886004,10.34859000000004,9845.677234886003
2024-06-24 05:00:00,9835.328644886004,14.27109000000004,9849.599734886004
2024-06-24 06:00:00,9835.328644886004,13.68609000000004,9849.014734886003
2024-06-24 07:00:00,9835.328644886004,13.25109000000004,9848.579734886003
2024-06-24 08:00:00,9835.328644886004,11.67609000000004,9847.004734886004
2024-06-24 09:00:00,9855.894624026003,0.0,9855.894624026003
2024-06-24 10:00:00,9855.894624026003,0.0,9855.894624026003
2024-06-24 11:00:00,9852.824289626004,-0.7671999999998662,9852.057089626003
2024-06-24 12:00:00,9852.824289626004,-3.917199999999866,9848.907089626004
2024-06-24 13:00:00,9852.824289626004,5.582800000000134,9858.407089626004
2024-06-24 14:00:00,9852.824289626004,-2.1171999999998663,9850.707089626003
2024-06-24 15:00:00,9852.824289626004,-14.867199999999867,9837.957089626003
2024-06-24 16:00:00,9852.824289626004,-30.167199999999866,9822.657089626004
2024-06-24 17:00:00,9852.824289626004,-28.19219999999987,9824.632089626004
2024-06-24 18:00:00,9852.824289626004,-24.467199999999867,9828.357089626004
2024-06-24 19:00:00,9797.624385801004,0.0,9797.624385801004
2024-06-24 20:00:00,9793.454431866005,-1.0419674999999553,9792.412464366005
2024-06-24 21:00:00,9793.454431866005,19.398032500000046,9812.852464366004
2024-06-24 22:00:00,9793.454431866005,19.363032500000045,9812.817464366004
2024-06-24 23:00:00,9793.454431866005,28.04303250000005,9821.497464366004
2024-06-25 00:00:00,9793.454431866005,32.17303250000005,9825.627464366005
2024-06-25 01:00:00,9793.454431866005,34.48303250000005,9827.937464366005
2024-06-25 02:00:00,9793.454431866005,41.55303250000005,9835.007464366005
2024-06-25 03:00:00,9793.454431866005,63.32303250000005,9856.777464366005
2024-06-25 04:00:00,9793.454431866005,66.12303250000005,9859.577464366004
2024-06-25 05:00:00,9793.454431866005,54.04803250000005,9847.502464366005
2024-06-25 06:00:00,9793.454431866005,58.21303250000005,9851.667464366004
2024-06-25 07:00:00,9793.454431866005,41.48303250000005,9834.937464366005
2024-06-25 08:00:00,9793.454431866005,47.92303250000005,9841.377464366005
2024-06-25 09:00:00,9793.454431866005,69.55303250000006,9863.007464366005
2024-06-25 10:00:00,9793.454431866005,64.79303250000005,9858.247464366004
2024-06-25 11:00:00,9793.454431866005,60.52303250000005,9853.977464366004
2024-06-25 12:00:00,9793.454431866005,53.90803250000005,9847.362464366004
2024-06-25 13:00:00,9793.454431866005,58.77303250000005,9852.227464366004
2024-06-25 14:00:00,9793.454431866005,79.59803250000006,9873.052464366005
2024-06-25 15:00:00,9793.454431866005,80.61303250000005,9874.067464366004
2024-06-25 16:00:00,9793.454431866005,66.50803250000006,9859.962464366004
2024-06-25 17:00:00,9793.454431866005,66.64803250000006,9860.102464366004
2024-06-25 18:00:00,9793.454431866005,94.54303250000005,9887.997464366004
2024-06-25 19:00:00,9793.454431866005,87.99803250000005,9881.452464366004
2024-06-25 20:00:00,9793.454431866005,84.74303250000006,9878.197464366005
2024-06-25 21:00:00,9793.454431866005,84.42803250000006,9877.882464366005
2024-06-25 22:00:00,9793.454431866005,84.11303250000006,9877.567464366004
2024-06-25 23:00:00,9793.454431866005,80.75303250000005,9874.207464366005
2024-06-26 00:00:00,9793.454431866005,79.80803250000005,9873.262464366004
2024-06-26 01:00:00,9793.454431866005,90.06303250000005,9883.517464366005
2024-06-26 02:00:00,9793.454431866005,89.08303250000006,9882.537464366005
2024-06-26 03:00:00,9793.454431866005,85.30303250000006,9878.757464366005
2024-06-26 04:00:00,9793.454431866005,78.16303250000006,9871.617464366005
2024-06-26 05:00:00,9793.454431866005,73.01803250000005,9866.472464366005
2024-06-26 06:00:00,9793.454431866005,72.59803250000004,9866.052464366005
2024-06-26 07:00:00,9793.454431866005,77.91803250000005,9871.372464366004
2024-06-26 08:00:00,9793.454431866005,69.97303250000004,9863.427464366005
2024-06-26 09:00:00,9793.454431866005,65.98303250000005,9859.437464366005
2024-06-26 10:00:00,9793.454431866005,62.16803250000005,9855.622464366004
2024-06-26 11:00:00,9793.454431866005,68.25803250000006,9861.712464366004
2024-06-26 12:00:00,9793.454431866005,68.25803250000006,9861.712464366004
2024-06-26 13:00:00,9793.454431866005,79.73803250000005,9873.192464366004
2024-06-26 14:00:00,9793.454431866005,78.44303250000006,9871.897464366004
2024-06-26 15:00:00,9793.454431866005,67.73303250000005,9861.187464366005
2024-06-26 16:00:00,9793.454431866005,62.27303250000005,9855.727464366004
2024-06-26 17:00:00,9793.454431866005,60.69803250000005,9854.152464366005
2024-06-26 18:00:00,9793.454431866005,50.198032500000046,9843.652464366005
2024-06-26 19:00:00,9793.454431866005,51.17803250000005,9844.632464366005
2024-06-26 20:00:00,9793.454431866005,51.80803250000005,9845.262464366004
2024-06-26 21:00:00,9793.454431866005,53.62803250000005,9847.082464366005
2024-06-26 22:00:00,9793.454431866005,49.91803250000005,9843.372464366004
2024-06-26 23:00:00,9793.454431866005,47.32803250000005,9840.782464366004
2024-06-27 00:00:00,9793.454431866005,52.05303250000005,9845.507464366005
2024-06-27 01:00:00,9793.454431866005,54.99303250000005,9848.447464366005
2024-06-27 02:00:00,9793.454431866005,53.41803250000005,9846.872464366004
2024-06-27 03:00:00,9793.454431866005,53.45303250000005,9846.907464366004
2024-06-27 04:00:00,9793.454431866005,57.09303250000005,9850.547464366005
2024-06-27 05:00:00,9793.454431866005,45.85803250000005,9839.312464366005
2024-06-27 06:00:00,9793.454431866005,44.31803250000005,9837.772464366004
2024-06-27 07:00:00,9793.454431866005,45.61303250000005,9839.067464366004
2024-06-27 08:00:00,9793.454431866005,47.01303250000005,9840.467464366006
2024-06-27 09:00:00,9793.454431866005,62.34303250000005,9855.797464366005
2024-06-27 10:00:00,9793.454431866005,57.30303250000005,9850.757464366005
2024-06-27 11:00:00,9793.454431866005,59.99803250000005,9853.452464366004
2024-06-27 12:00:00,9793.454431866005,65.10803250000005,9858.562464366005
2024-06-27 13:00:00,9793.454431866005,88.48803250000006,9881.942464366004
2024-06-27 14:00:00,9793.454431866005,78.96803250000005,9872.422464366005
2024-06-27 15:00:00,9793.454431866005,74.20803250000006,9867.662464366005
2024-06-27 16:00:00,9793.454431866005,79.91303250000006,9873.367464366005
2024-06-27 17:00:00,9793.454431866005,84.70803250000006,9878.162464366005
2024-06-27 18:00:00,9793.454431866005,84.00803250000006,9877.462464366004
2024-06-27 19:00:00,9793.454431866005,68.99303250000006,9862.447464366005
2024-06-27 20:00:00,9793.454431866005,71.16303250000006,9864.617464366005
2024-06-27 21:00:00,9793.454431866005,71.72303250000004,9865.177464366005
2024-06-27 22:00:00,9793.454431866005,76.55303250000006,9870.007464366005
2024-06-27 23:00:00,9793.454431866005,78.89803250000006,9872.352464366004
2024-06-28 00:00:00,9793.454431866005,72.73803250000005,9866.192464366004
2024-06-28 01:00:00,9793.454431866005,91.04303250000005,9884.497464366004
2024-06-28 02:00:00,9793.454431866005,78.51303250000005,9871.967464366006
2024-06-28 03:00:00,9793.454431866005,82.50303250000005,9875.957464366005
2024-06-28 04:00:00,9793.454431866005,79.03803250000006,9872.492464366005
2024-06-28 05:00:00,9793.454431866005,75.22303250000006,9868.677464366005
2024-06-28 06:00:00,9793.454431866005,75.43303250000005,9868.887464366004
2024-06-28 07:00:00,9793.454431866005,65.56303250000005,9859.017464366005
2024-06-28 08:00:00,9793.454431866005,70.21803250000005,9863.672464366005
2024-06-28 09:00:00,9793.454431866005,72.87803250000005,9866.332464366005
2024-06-28 10:00:00,9793.454431866005,73.12303250000005,9866.577464366004
2024-06-28 11:00:00,9793.454431866005,77.67303250000005,9871.127464366005
2024-06-28 12:00:00,9793.454431866005,66.19303250000006,9859.647464366004
2024-06-28 13:00:00,9793.454431866005,63.463032500000054,9856.917464366004
2024-06-28 14:00:00,9793.454431866005,49.81303250000005,9843.267464366005
2024-06-28 15:00:00,9793.454431866005,55.34303250000005,9848.797464366005
2024-06-28 16:00:00,9793.454431866005,50.02303250000005,9843.477464366004
2024-06-28 17:00:00,9793.454431866005,46.83803250000005,9840.292464366004
2024-06-28 18:00:00,9793.454431866005,47.43303250000005,9840.887464366004
2024-06-28 19:00:00,9793.454431866005,21.988032500000045,9815.442464366004
2024-06-28 20:00:00,9793.454431866005,26.25803250000005,9819.712464366004
2024-06-28 21:00:00,9793.454431866005,31.228032500000047,9824.682464366004
2024-06-28 22:00:00,9793.454431866005,31.893032500000047,9825.347464366005
2024-06-28 23:00:00,9793.454431866005,34.168032500000045,9827.622464366004
2024-06-29 00:00:00,9793.454431866005,45.85803250000005,9839.312464366005
2024-06-29 01:00:00,9793.454431866005,50.86303250000005,9844.317464366004
2024-06-29 02:00:00,9793.454431866005,45.89303250000005,9839.347464366005
2024-06-29 03:00:00,9793.454431866005,45.823032500000046,9839.277464366005
2024-06-29 04:00:00,9793.454431866005,46.628032500000046,9840.082464366005
2024-06-29 05:00:00,9793.454431866005,46.52303250000005,9839.977464366004
2024-06-29 06:00:00,9793.454431866005,48.97303250000005,9842.427464366005
2024-06-29 07:00:00,9793.454431866005,55.72803250000005,9849.182464366004
2024-06-29 08:00:00,9793.454431866005,53.13803250000005,9846.592464366006
2024-06-29 09:00:00,9793.454431866005,52.99803250000005,9846.452464366004
2024-06-29 10:00:00,9793.454431866005,53.38303250000005,9846.837464366004
2024-06-29 11:00:00,9793.454431866005,57.23303250000005,9850.687464366005
2024-06-29 12:00:00,9793.454431866005,55.20303250000005,9848.657464366004
2024-06-29 13:00:00,9844.556040791005,-0.22953749999996942,9844.326503291006
2024-06-29 14:00:00,9844.556040791005,0.6704625000000305,9845.226503291005
2024-06-29 15:00:00,9844.556040791005,-0.16953749999996942,9844.386503291005
2024-06-29 16:00:00,9844.556040791005,1.3454625000000304,9845.901503291005
2024-06-29 17:00:00,9844.556040791005,0.6404625000000306,9845.196503291005
2024-06-29 18:00:00,9844.556040791005,0.37796250000003057,9844.934003291006
2024-06-29 19:00:00,9844.556040791005,0.23546250000003055,9844.791503291006
2024-06-29 20:00:00,9844.556040791005,0.22046250000003056,9844.776503291005
2024-06-29 21:00:00,9844.556040791005,0.28046250000003053,9844.836503291006
2024-06-29 22:00:00,9844.556040791005,0.9629625000000305,9845.519003291005
2024-06-29 23:00:00,9844.556040791005,0.6929625000000306,9845.249003291005
2024-06-30 00:00:00,9844.556040791005,0.41546250000003054,9844.971503291004
2024-06-30 01:00:00,9844.556040791005,0.8429625000000305,9845.399003291006
2024-06-30 02:00:00,9844.556040791005,1.8254625000000304,9846.381503291006
2024-06-30 03:00:00,9844.556040791005,1.1504625000000306,9845.706503291005
2024-06-30 04:00:00,9844.556040791005,2.0729625000000307,9846.629003291006
2024-06-30 05:00:00,9844.556040791005,1.9529625000000306,9846.509003291005
2024-06-30 06:00:00,9844.556040791005,0.5729625000000306,9845.129003291006
2024-06-30 07:00:00,9844.556040791005,-3.4245374999999694,9841.131503291006
2024-06-30 08:00:00,9844.556040791005,-3.477037499999969,9841.079003291004
2024-06-30 09:00:00,9844.556040791005,-3.267037499999969,9841.289003291005
2024-06-30 10:00:00,9844.556040791005,-3.244537499999969,9841.311503291005
2024-06-30 11:00:00,9844.556040791005,-3.3570374999999695,9841.199003291005
2024-06-30 12:00:00,9844.556040791005,-2.9295374999999693,9841.626503291005
2024-06-30 13:00:00,9844.556040791005,-4.572037499999969,9839.984003291005
2024-06-30 14:00:00,9844.556040791005,-3.7620374999999693,9840.794003291005
2024-06-30 15:00:00,9844.556040791005,-4.617037499999969,9839.939003291005
2024-06-30 16:00:00,9844.556040791005,-3.8895374999999692,9840.666503291006
2024-06-30 17:00:00,9844.556040791005,-4.57953749999997,9839.976503291005
2024-06-30 18:00:00,9844.556040791005,-7.174537499999969,9837.381503291006
2024-06-30 19:00:00,9844.556040791005,-7.03953749999997,9837.516503291004
2024-06-30 20:00:00,9844.556040791005,-6.927037499999969,9837.629003291006
2024-06-30 21:00:00,9844.556040791005,-6.394537499999969,9838.161503291005
2024-06-30 22:00:00,9829.787449608506,0.0,9829.787449608506
2024-06-30 23:00:00,9829.787449608506,0.0,9829.787449608506
2024-07-01 00:00:00,9829.787449608506,0.0,9829.787449608506
2024-07-01 01:00:00,9828.450922206506,-0.334298999999959,9828.116623206506
2024-07-01 02:00:00,9828.450922206506,1.6712010000000408,9830.122123206505
2024-07-01 03:00:00,9828.450922206506,1.7132010000000408,9830.164123206507
2024-07-01 04:00:00,9828.450922206506,3.1727010000000404,9831.623623206506
2024-07-01 05:00:00,9828.450922206506,1.5452010000000407,9829.996123206507
2024-07-01 06:00:00,9827.089481958506,-0.3333119999999871,9826.756169958506
2024-07-01 07:00:00,9827.089481958506,-1.803311999999987,9825.286169958506
2024-07-01 08:00:00,9827.089481958506,-5.2893119999999865,9821.800169958506
2024-07-01 09:00:00,9827.089481958506,-5.646311999999987,9821.443169958506
2024-07-01 10:00:00,9827.089481958506,-6.129311999999986,9820.960169958507
2024-07-01 11:00:00,9827.089481958506,-8.334311999999986,9818.755169958506
2024-07-01 12:00:00,9827.089481958506,-5.814311999999987,9821.275169958506
2024-07-01 13:00:00,9827.089481958506,-8.008811999999986,9819.080669958506
2024-07-01 14:00:00,9827.089481958506,-6.444311999999987,9820.645169958507
2024-07-01 15:00:00,9827.089481958506,-3.273311999999987,9823.816169958507
2024-07-01 16:00:00,9827.089481958506,-3.388811999999987,9823.700669958507
2024-07-01 17:00:00,9827.331019889756,1.0775940000000064,9828.408613889756
2024-07-01 18:00:00,9827.331019889756,0.9673440000000063,9828.298363889757
2024-07-01 19:00:00,9825.294514912257,0.0,9825.294514912257
2024-07-01 20:00:00,9825.294514912257,0.0,9825.294514912257
2024-07-01 21:00:00,9825.294514912257,0.0,9825.294514912257
2024-07-01 22:00:00,9825.294514912257,0.0,9825.294514912257
2024-07-01 23:00:00,9824.349747764756,-0.23607374999997774,9824.113674014756
2024-07-02 00:00:00,9824.349747764756,0.018926250000022262,9824.368674014757
2024-07-02 01:00:00,9824.349747764756,-0.19857374999997773,9824.151174014756
2024-07-02 02:00:00,9824.349747764756,0.5889262500000222,9824.938674014757
2024-07-02 03:00:00,9824.349747764756,1.5639262500000222,9825.913674014757
2024-07-02 04:00:00,9824.349747764756,1.0614262500000222,9825.411174014756
2024-07-02 05:00:00,9824.349747764756,0.7014262500000222,9825.051174014756
2024-07-02 06:00:00,9824.349747764756,-0.6935737499999777,9823.656174014755
2024-07-02 07:00:00,9824.349747764756,-2.238573749999978,9822.111174014755
2024-07-02 08:00:00,9824.349747764756,-2.028573749999978,9822.321174014756
2024-07-02 09:00:00,9824.349747764756,-2.1935737499999775,9822.156174014755
2024-07-02 10:00:00,9824.349747764756,-1.5935737499999776,9822.756174014756
2024-07-02 11:00:00,9824.349747764756,-0.7535737499999777,9823.596174014756
2024-07-02 12:00:00,9824.349747764756,-0.38607374999997773,9823.963674014756
2024-07-02 13:00:00,9824.349747764756,-2.3285737499999777,9822.021174014757
2024-07-02 14:00:00,9824.349747764756,-6.446073749999978,9817.903674014757
2024-07-02 15:00:00,9824.349747764756,-7.346073749999977,9817.003674014755
2024-07-02 16:00:00,9824.349747764756,-7.503573749999977,9816.846174014756
2024-07-02 17:00:00,9824.349747764756,-5.838573749999978,9818.511174014757
2024-07-02 18:00:00,9824.349747764756,-4.331073749999978,9820.018674014756
2024-07-02 19:00:00,9824.349747764756,-7.526073749999977,9816.823674014757
2024-07-02 20:00:00,9824.349747764756,-6.708573749999977,9817.641174014756
2024-07-02 21:00:00,9824.349747764756,-7.173573749999978,9817.176174014756
2024-07-02 22:00:00,9824.349747764756,-6.123573749999977,9818.226174014757
2024-07-02 23:00:00,9824.349747764756,-5.741073749999978,9818.608674014757
2024-07-03 00:00:00,9824.349747764756,-6.033573749999977,9818.316174014755
2024-07-03 01:00:00,9813.297917752256,0.0,9813.297917752256
2024-07-03 02:00:00,9813.297917752256,0.0,9813.297917752256
2024-07-03 03:00:00,9813.297917752256,0.0,9813.297917752256
2024-07-03 04:00:00,9811.467783142256,-0.4573049999999057,9811.010478142256
2024-07-03 05:00:00,9811.467783142256,2.6476950000000943,9814.115478142256
2024-07-03 06:00:00,9811.467783142256,1.4926950000000943,9812.960478142257
2024-07-03 07:00:00,9811.467783142256,-0.4423049999999057,9811.025478142255
2024-07-03 08:00:00,9811.467783142256,-6.9673049999999055,9804.500478142256
2024-07-03 09:00:00,9811.467783142256,-4.222304999999905,9807.245478142257
2024-07-03 10:00:00,9811.467783142256,-8.242304999999906,9803.225478142256
2024-07-03 11:00:00,9811.467783142256,-8.197304999999906,9803.270478142256
2024-07-03 12:00:00,9811.467783142256,-13.342304999999905,9798.125478142256
2024-07-03 13:00:00,9811.467783142256,-5.122304999999906,9806.345478142255
2024-07-03 14:00:00,9811.467783142256,-9.337304999999905,9802.130478142257
2024-07-03 15:00:00,9811.467783142256,-10.762304999999905,9800.705478142256
2024-07-03 16:00:00,9811.467783142256,-6.097304999999905,9805.370478142257
2024-07-03 17:00:00,9811.467783142256,-8.797304999999906,9802.670478142256
2024-07-03 18:00:00,9811.467783142256,-10.147304999999905,9801.320478142256
2024-07-03 19:00:00,9787.272630742256,-0.7467499999998837,9786.525880742256
2024-07-03 20:00:00,9787.272630742256,-3.2467499999998837,9784.025880742256
2024-07-03 21:00:00,9787.272630742256,14.178250000000117,9801.450880742257
2024-07-03 22:00:00,9787.272630742256,16.00325000000012,9803.275880742256
2024-07-03 23:00:00,9787.272630742256,13.203250000000118,9800.475880742257
2024-07-04 00:00:00,9787.272630742256,18.353250000000116,9805.625880742256
2024-07-04 01:00:00,9787.272630742256,-27.921749999999886,9759.350880742257
2024-07-04 02:00:00,9787.272630742256,-17.796749999999886,9769.475880742257
2024-07-04 03:00:00,9787.272630742256,-14.496749999999885,9772.775880742256
2024-07-04 04:00:00,9787.272630742256,-17.871749999999885,9769.400880742256
2024-07-04 05:00:00,9787.272630742256,-19.921749999999886,9767.350880742257
2024-07-04 06:00:00,9787.272630742256,-22.346749999999886,9764.925880742256
2024-07-04 07:00:00,9746.359900217256,0.0,9746.359900217256
2024-07-04 08:00:00,9743.470906442257,-0.7218874999998661,9742.749018942257
2024-07-04 09:00:00,9743.470906442257,-0.4718874999998661,9742.999018942257
2024-07-04 10:00:00,9743.470906442257,4.653112500000134,9748.124018942257
2024-07-04 11:00:00,9743.470906442257,0.2781125000001339,9743.749018942257
2024-07-04 12:00:00,9743.470906442257,-12.021887499999867,9731.449018942258
2024-07-04 13:00:00,9743.470906442257,-8.071887499999866,9735.399018942257
2024-07-04 14:00:00,9743.470906442257,-6.646887499999867,9736.824018942258
2024-07-04 15:00:00,9743.470906442257,9.153112500000134,9752.624018942257
2024-07-04 16:00:00,9743.470906442257,14.578112500000135,9758.049018942256
2024-07-04 17:00:00,9743.470906442257,13.003112500000135,9756.474018942257
2024-07-04 18:00:00,9743.470906442257,11.253112500000135,9754.724018942257
2024-07-04 19:00:00,9743.470906442257,14.303112500000134,9757.774018942257
2024-07-04 20:00:00,9743.470906442257,15.728112500000135,9759.199018942258
2024-07-04 21:00:00,9743.470906442257,19.928112500000136,9763.399018942257
2024-07-04 22:00:00,9743.470906442257,8.303112500000134,9751.774018942257
2024-07-04 23:00:00,9743.470906442257,-16.546887499999865,9726.924018942256
2024-07-05 00:00:00,9743.470906442257,-8.246887499999866,9735.224018942257
2024-07-05 01:00:00,9743.470906442257,-12.096887499999866,9731.374018942257
2024-07-05 02:00:00,9688.891118942258,-0.6980999999999767,9688.193018942258
2024-07-05 03:00:00,9688.891118942258,-14.098099999999977,9674.793018942259
2024-07-05 04:00:00,9640.240308067258,0.0,9640.240308067258
2024-07-05 05:00:00,9637.492134667258,-0.6866999999998371,9636.805434667258
2024-07-05 06:00:00,9637.492134667258,-15.336699999999837,9622.155434667258
2024-07-05 07:00:00,9637.492134667258,-12.111699999999837,9625.380434667259
2024-07-05 08:00:00,9637.492134667258,-20.28669999999984,9617.205434667258
2024-07-05 09:00:00,9637.492134667258,-10.386699999999838,9627.105434667259
2024-07-05 10:00:00,9637.492134667258,1.113300000000163,9638.605434667259
2024-07-05 11:00:00,9637.492134667258,13.563300000000163,9651.055434667258
2024-07-05 12:00:00,9637.492134667258,3.7133000000001632,9641.205434667258
2024-07-05 13:00:00,9637.492134667258,23.188300000000165,9660.680434667258
2024-07-05 14:00:00,9637.492134667258,21.838300000000164,9659.330434667258
2024-07-05 15:00:00,9637.492134667258,44.138300000000164,9681.630434667259
2024-07-05 16:00:00,9637.492134667258,38.488300000000166,9675.980434667259
2024-07-05 17:00:00,9637.492134667258,39.488300000000166,9676.980434667259
2024-07-05 18:00:00,9637.492134667258,41.66330000000016,9679.155434667258
2024-07-05 19:00:00,9637.492134667258,39.763300000000164,9677.255434667259
2024-07-05 20:00:00,9637.492134667258,37.33830000000017,9674.830434667258
2024-07-05 21:00:00,9637.492134667258,41.78830000000016,9679.280434667258
2024-07-05 22:00:00,9637.492134667258,44.78830000000016,9682.280434667258
2024-07-05 23:00:00,9637.492134667258,44.888300000000164,9682.380434667259
2024-07-06 00:00:00,9637.492134667258,44.513300000000164,9682.005434667259
2024-07-06 01:00:00,9637.492134667258,34.863300000000166,9672.355434667259
2024-07-06 02:00:00,9637.492134667258,40.93830000000017,9678.430434667258
2024-07-06 03:00:00,9637.492134667258,40.013300000000164,9677.505434667259
2024-07-06 04:00:00,9637.492134667258,31.338300000000164,9668.830434667258
2024-07-06 05:00:00,9637.492134667258,39.18830000000017,9676.680434667258
2024-07-06 06:00:00,9637.492134667258,40.388300000000164,9677.880434667259
2024-07-06 07:00:00,9637.492134667258,44.638300000000164,9682.130434667259
2024-07-06 08:00:00,9637.492134667258,44.03830000000016,9681.530434667258
2024-07-06 09:00:00,9637.492134667258,49.03830000000016,9686.530434667258
2024-07-06 10:00:00,9637.492134667258,49.388300000000164,9686.880434667259
2024-07-06 11:00:00,9681.846449372259,-0.21342749999996158,9681.633021872258
2024-07-06 12:00:00,9681.846449372259,-0.25842749999996156,9681.588021872258
2024-07-06 13:00:00,9681.846449372259,-1.9534274999999615,9679.893021872258
2024-07-06 14:00:00,9681.846449372259,-2.2834274999999615,9679.563021872258
2024-07-06 15:00:00,9681.846449372259,-4.038427499999962,9677.808021872259
2024-07-06 16:00:00,9681.846449372259,-7.983427499999961,9673.86302187226
2024-07-06 17:00:00,9672.076780299758,0.0,9672.076780299758
2024-07-06 18:00:00,9672.076780299758,0.0,9672.076780299758
2024-07-06 19:00:00,9671.206975614758,-0.2173424999999952,9670.989633114757
2024-07-06 20:00:00,9671.206975614758,0.2926575000000048,9671.499633114758
2024-07-06 21:00:00,9671.206975614758,-0.33734249999999516,9670.869633114757
2024-07-06 22:00:00,9671.206975614758,1.5526575000000047,9672.759633114758
2024-07-06 23:00:00,9671.206975614758,2.5426575000000047,9673.749633114758
2024-07-07 00:00:00,9671.206975614758,0.6226575000000047,9671.829633114758
2024-07-07 01:00:00,9671.206975614758,1.9501575000000047,9673.157133114757
2024-07-07 02:00:00,9671.206975614758,3.8026575000000045,9675.009633114758
2024-07-07 03:00:00,9671.206975614758,0.6301575000000048,9671.837133114757
2024-07-07 04:00:00,9671.206975614758,-2.0023424999999953,9669.204633114758
2024-07-07 05:00:00,9671.206975614758,-1.717342499999995,9669.489633114757
2024-07-07 06:00:00,9671.206975614758,-1.6948424999999951,9669.512133114758
2024-07-07 07:00:00,9671.206975614758,-3.7723424999999953,9667.434633114757
2024-07-07 08:00:00,9671.206975614758,-1.8073424999999952,9669.399633114757
2024-07-07 09:00:00,9671.206975614758,-0.8998424999999952,9670.307133114757
2024-07-07 10:00:00,9671.206975614758,-2.557342499999995,9668.649633114757
2024-07-07 11:00:00,9671.206975614758,-3.329842499999995,9667.877133114758
2024-07-07 12:00:00,9671.206975614758,-3.907342499999995,9667.299633114757
2024-07-07 13:00:00,9671.206975614758,-7.327342499999995,9663.879633114757
2024-07-07 14:00:00,9671.206975614758,-8.099842499999994,9663.107133114758
2024-07-07 15:00:00,9671.206975614758,-7.6198424999999945,9663.587133114757
2024-07-07 16:00:00,9671.206975614758,-5.354842499999995,9665.852133114757
2024-07-07 17:00:00,9671.206975614758,-4.552342499999995,9666.654633114758
2024-07-07 18:00:00,9671.206975614758,-4.964842499999995,9666.242133114758
2024-07-07 19:00:00,9671.206975614758,-4.889842499999995,9666.317133114757
2024-07-07 20:00:00,9671.206975614758,-4.0123424999999955,9667.194633114757
2024-07-07 21:00:00,9660.903402527258,0.0,9660.903402527258
2024-07-07 22:00:00,9660.903402527258,0.0,9660.903402527258
2024-07-07 23:00:00,9658.100051552257,-0.700487499999872,9657.399564052257
2024-07-08 00:00:00,9658.100051552257,-19.350487499999872,9638.749564052257
2024-07-08 01:00:00,9658.100051552257,-23.000487499999874,9635.099564052258
2024-07-08 02:00:00,9658.100051552257,-12.000487499999872,9646.099564052258
2024-07-08 03:00:00,9658.100051552257,-17.325487499999873,9640.774564052257
2024-07-08 04:00:00,9658.100051552257,-8.525487499999873,9649.574564052258
2024-07-08 05:00:00,9658.100051552257,-9.400487499999873,9648.699564052258
2024-07-08 06:00:00,9658.100051552257,-5.000487499999872,9653.099564052258
2024-07-08 07:00:00,9658.100051552257,-0.47548749999987194,9657.624564052257
2024-07-08 08:00:00,9658.100051552257,47.22451250000013,9705.324564052258
2024-07-08 09:00:00,9658.100051552257,39.97451250000013,9698.074564052258
2024-07-08 10:00:00,9658.100051552257,22.09951250000013,9680.199564052258
2024-07-08 11:00:00,9658.100051552257,30.37451250000013,9688.474564052258
2024-07-08 12:00:00,9658.100051552257,30.24951250000013,9688.349564052258
2024-07-08 13:00:00,9658.100051552257,30.82451250000013,9688.924564052257
2024-07-08 14:00:00,9658.100051552257,5.299512500000128,9663.399564052257
2024-07-08 15:00:00,9658.100051552257,-5.5754874999998725,9652.524564052257
2024-07-08 16:00:00,9658.100051552257,-4.250487499999872,9653.849564052258
2024-07-08 17:00:00,9658.100051552257,8.674512500000128,9666.774564052257
2024-07-08 18:00:00,9658.100051552257,8.299512500000128,9666.399564052257
2024-07-08 19:00:00,9658.100051552257,13.324512500000129,9671.424564052257
2024-07-08 20:00:00,9658.100051552257,7.424512500000128,9665.524564052257
2024-07-08 21:00:00,9658.100051552257,18.599512500000127,9676.699564052258
2024-07-08 22:00:00,9658.100051552257,19.22451250000013,9677.324564052258
2024-07-08 23:00:00,9658.100051552257,20.149512500000128,9678.249564052257
2024-07-09 00:00:00,9658.100051552257,15.549512500000128,9673.649564052257
2024-07-09 01:00:00,9658.100051552257,16.44951250000013,9674.549564052257
2024-07-09 02:00:00,9658.100051552257,33.72451250000013,9691.824564052258
2024-07-09 03:00:00,9658.100051552257,31.34951250000013,9689.449564052258
2024-07-09 04:00:00,9658.100051552257,35.14951250000013,9693.249564052257
2024-07-09 05:00:00,9658.100051552257,35.02451250000013,9693.124564052257
2024-07-09 06:00:00,9658.100051552257,39.62451250000013,9697.724564052258
2024-07-09 07:00:00,9658.100051552257,30.34951250000013,9688.449564052258
2024-07-09 08:00:00,9658.100051552257,42.44951250000013,9700.549564052257
2024-07-09 09:00:00,9658.100051552257,42.07451250000013,9700.174564052257
2024-07-09 10:00:00,9691.738133259758,-0.2159662500000013,9691.522167009758
2024-07-09 11:00:00,9691.738133259758,-0.3884662500000013,9691.349667009757
2024-07-09 12:00:00,9691.738133259758,0.2790337499999987,9692.017167009757
2024-07-09 13:00:00,9690.353584689758,-0.21557999999999083,9690.138004689758
2024-07-09 14:00:00,9690.353584689758,-2.0380799999999906,9688.315504689757
2024-07-09 15:00:00,9690.353584689758,0.9019200000000092,9691.255504689758
2024-07-09 16:00:00,9690.353584689758,2.476920000000009,9692.830504689757
2024-07-09 17:00:00,9690.353584689758,1.291920000000009,9691.645504689757
2024-07-09 18:00:00,9690.353584689758,4.164420000000009,9694.518004689757
2024-07-09 19:00:00,9690.353584689758,3.826920000000009,9694.180504689757
2024-07-09 20:00:00,9690.353584689758,4.179420000000009,9694.533004689758
2024-07-09 21:00:00,9690.353584689758,3.369420000000009,9693.723004689758
2024-07-09 22:00:00,9690.353584689758,4.419420000000009,9694.773004689758
2024-07-09 23:00:00,9690.353584689758,5.161920000000009,9695.515504689758
2024-07-10 00:00:00,9690.353584689758,1.179420000000009,9691.533004689758
2024-07-10 01:00:00,9690.353584689758,3.6169200000000092,9693.970504689758
2024-07-10 02:00:00,9690.353584689758,4.291920000000009,9694.645504689757
2024-07-10 03:00:00,9690.353584689758,6.474420000000009,9696.828004689758
2024-07-10 04:00:00,9690.353584689758,14.604420000000008,9704.958004689757
2024-07-10 05:00:00,9690.353584689758,12.06192000000001,9702.415504689758
2024-07-10 06:00:00,9690.353584689758,14.176920000000008,9704.530504689757
2024-07-10 07:00:00,9690.353584689758,11.86692000000001,9702.220504689758
2024-07-10 08:00:00,9690.353584689758,10.08942000000001,9700.443004689758
2024-07-10 09:00:00,9690.353584689758,8.25942000000001,9698.613004689758
2024-07-10 10:00:00,9690.353584689758,9.43692000000001,9699.790504689758
2024-07-10 11:00:00,9690.353584689758,8.011920000000009,9698.365504689758
2024-07-10 12:00:00,9690.353584689758,5.536920000000009,9695.890504689758
2024-07-10 13:00:00,9690.353584689758,2.769420000000009,9693.123004689758
2024-07-10 14:00:00,9690.353584689758,2.671920000000009,9693.025504689758
2024-07-10 15:00:00,9690.353584689758,2.634420000000009,9692.988004689758
2024-07-10 16:00:00,9690.353584689758,2.6794200000000092,9693.033004689758
2024-07-10 17:00:00,9690.353584689758,2.1169200000000092,9692.470504689758
2024-07-10 18:00:00,9690.353584689758,2.2819200000000093,9692.635504689757
2024-07-10 19:00:00,9690.353584689758,0.43692000000000913,9690.790504689758
2024-07-10 20:00:00,9690.353584689758,0.28692000000000917,9690.640504689758
2024-07-10 21:00:00,9690.353584689758,0.6619200000000092,9691.015504689758
2024-07-10 22:00:00,9690.353584689758,2.709420000000009,9693.063004689757
2024-07-10 23:00:00,9690.353584689758,2.934420000000009,9693.288004689757
2024-07-11 00:00:00,9690.353584689758,2.019420000000009,9692.373004689758
2024-07-11 01:00:00,9690.353584689758,7.224420000000009,9697.578004689758
2024-07-11 02:00:00,9690.353584689758,3.871920000000009,9694.225504689757
2024-07-11 03:00:00,9690.353584689758,1.6744200000000091,9692.028004689757
2024-07-11 04:00:00,9690.353584689758,3.369420000000009,9693.723004689758
2024-07-11 05:00:00,9690.353584689758,5.004420000000009,9695.358004689757
2024-07-11 06:00:00,9690.353584689758,4.944420000000009,9695.298004689757
2024-07-11 07:00:00,9690.353584689758,6.3394200000000085,9696.693004689758
2024-07-11 08:00:00,9690.353584689758,6.121920000000009,9696.475504689757
2024-07-11 09:00:00,9690.353584689758,7.014420000000009,9697.368004689757
2024-07-11 10:00:00,9690.353584689758,7.876920000000009,9698.230504689758
2024-07-11 11:00:00,9690.353584689758,10.449420000000009,9700.803004689758
2024-07-11 12:00:00,9690.353584689758,10.60692000000001,9700.960504689758
2024-07-11 13:00:00,9690.353584689758,8.58942000000001,9698.943004689758
2024-07-11 14:00:00,9690.353584689758,3.181920000000009,9693.535504689758
2024-07-11 15:00:00,9690.353584689758,0.22692000000000917,9690.580504689757
2024-07-11 16:00:00,9690.353584689758,2.086920000000009,9692.440504689757
2024-07-11 17:00:00,9690.353584689758,3.204420000000009,9693.558004689758
2024-07-11 18:00:00,9690.353584689758,3.676920000000009,9694.030504689757
2024-07-11 19:00:00,9690.353584689758,0.3019200000000092,9690.655504689757
2024-07-11 20:00:00,9690.353584689758,1.2844200000000092,9691.638004689758
2024-07-11 21:00:00,9690.353584689758,0.6619200000000092,9691.015504689758
2024-07-11 22:00:00,9690.353584689758,-0.3655799999999908,9689.988004689758
2024-07-11 23:00:00,9690.353584689758,-0.4405799999999908,9689.913004689757
2024-07-12 00:00:00,9690.353584689758,-1.7605799999999907,9688.593004689757
2024-07-12 01:00:00,9690.353584689758,-3.313079999999991,9687.040504689758
2024-07-12 02:00:00,9690.353584689758,-0.2530799999999908,9690.100504689757
2024-07-12 03:00:00,9690.353584689758,-3.485579999999991,9686.868004689757
2024-07-12 04:00:00,9690.353584689758,-2.6980799999999907,9687.655504689757
2024-07-12 05:00:00,9690.353584689758,-2.4730799999999906,9687.880504689758
2024-07-12 06:00:00,9690.353584689758,-1.2130799999999908,9689.140504689758
2024-07-12 07:00:00,9690.353584689758,-1.9630799999999908,9688.390504689758
2024-07-12 08:00:00,9690.353584689758,-0.33557999999999083,9690.018004689757
2024-07-12 09:00:00,9690.353584689758,-3.2380799999999907,9687.115504689758
2024-07-12 10:00:00,9690.353584689758,-1.3555799999999907,9688.998004689758
2024-07-12 11:00:00,9690.353584689758,-1.2355799999999908,9689.118004689757
2024-07-12 12:00:00,9690.353584689758,0.17442000000000915,9690.528004689757
2024-07-12 13:00:00,9690.353584689758,3.796920000000009,9694.150504689758
2024-07-12 14:00:00,9690.353584689758,3.354420000000009,9693.708004689757
2024-07-12 15:00:00,9690.353584689758,6.294420000000009,9696.648004689758
2024-07-12 16:00:00,9690.353584689758,5.589420000000009,9695.943004689758
2024-07-12 17:00:00,9690.353584689758,5.926920000000009,9696.280504689757
2024-07-12 18:00:00,9690.353584689758,6.999420000000009,9697.353004689758
2024-07-12 19:00:00,9690.353584689758,1.6744200000000091,9692.028004689757
2024-07-12 20:00:00,9690.353584689758,1.4419200000000092,9691.795504689757
2024-07-12 21:00:00,9690.353584689758,1.8694200000000092,9692.223004689758
2024-07-12 22:00:00,9690.353584689758,3.339420000000009,9693.693004689758
2024-07-12 23:00:00,9690.353584689758,4.029420000000009,9694.383004689758
2024-07-13 00:00:00,9690.353584689758,3.6169200000000092,9693.970504689758
2024-07-13 01:00:00,9690.353584689758,3.849420000000009,9694.203004689758
2024-07-13 02:00:00,9690.353584689758,4.344420000000009,9694.698004689757
2024-07-13 03:00:00,9690.353584689758,3.489420000000009,9693.843004689757
2024-07-13 04:00:00,9690.353584689758,3.346920000000009,9693.700504689758
2024-07-13 05:00:00,9690.353584689758,5.446920000000009,9695.800504689758
2024-07-13 06:00:00,9690.353584689758,5.206920000000009,9695.560504689758
2024-07-13 07:00:00,9690.353584689758,5.874420000000009,9696.228004689758
2024-07-13 08:00:00,9690.353584689758,4.591920000000009,9694.945504689758
2024-07-13 09:00:00,9690.353584689758,9.62442000000001,9699.978004689758
2024-07-13 10:00:00,9690.353584689758,8.251920000000009,9698.605504689758
2024-07-13 11:00:00,9690.353584689758,8.851920000000009,9699.205504689757
2024-07-13 12:00:00,9690.353584689758,10.734420000000009,9701.088004689758
2024-07-13 13:00:00,9690.353584689758,9.271920000000009,9699.625504689757
2024-07-13 14:00:00,9690.353584689758,10.55442000000001,9700.908004689758
2024-07-13 15:00:00,9690.353584689758,11.30442000000001,9701.658004689758
2024-07-13 16:00:00,9690.353584689758,9.639420000000008,9699.993004689757
2024-07-13 17:00:00,9690.353584689758,10.066920000000009,9700.420504689757
2024-07-13 18:00:00,9690.353584689758,9.66942000000001,9700.023004689758
2024-07-13 19:00:00,9690.353584689758,9.631920000000008,9699.985504689757
2024-07-13 20:00:00,9690.353584689758,9.399420000000008,9699.753004689757
2024-07-13 21:00:00,9690.353584689758,9.819420000000008,9700.173004689757
2024-07-13 22:00:00,9702.954705289758,-0.5217099999999664,9702.432995289759
2024-07-13 23:00:00,9702.954705289758,3.713290000000033,9706.667995289758
2024-07-14 00:00:00,9702.954705289758,-5.474209999999966,9697.480495289758
2024-07-14 01:00:00,9702.954705289758,-4.896709999999966,9698.057995289759
2024-07-14 02:00:00,9702.954705289758,1.5257900000000335,9704.480495289758
2024-07-14 03:00:00,9702.954705289758,-0.9767099999999663,9701.977995289757
2024-07-14 04:00:00,9702.954705289758,-9.394209999999966,9693.560495289757
2024-07-14 05:00:00,9702.954705289758,-14.556709999999965,9688.397995289757
2024-07-14 06:00:00,9702.954705289758,-7.6442099999999655,9695.310495289757
2024-07-14 07:00:00,9702.954705289758,-11.354209999999965,9691.600495289758
2024-07-14 08:00:00,9702.954705289758,-14.171709999999965,9688.782995289757
2024-07-14 09:00:00,9685.361958761758,-0.31697399999994375,9685.044984761758
2024-07-14 10:00:00,9685.361958761758,-3.0784739999999435,9682.283484761758
2024-07-14 11:00:00,9685.361958761758,-1.5664739999999435,9683.795484761758
2024-07-14 12:00:00,9685.361958761758,-6.784973999999943,9678.576984761758
2024-07-14 13:00:00,9685.361958761758,-5.755973999999943,9679.605984761758
2024-07-14 14:00:00,9685.361958761758,-2.2909739999999434,9683.070984761758
2024-07-14 15:00:00,9685.361958761758,-1.6399739999999436,9683.721984761758
2024-07-14 16:00:00,9685.361958761758,-1.5769739999999437,9683.784984761758
2024-07-14 17:00:00,9685.361958761758,-2.4589739999999436,9682.902984761758
2024-07-14 18:00:00,9685.361958761758,-2.3854739999999435,9682.976484761757
2024-07-14 19:00:00,9685.361958761758,-3.4039739999999434,9681.957984761757
2024-07-14 20:00:00,9685.361958761758,-1.4824739999999437,9683.879484761757
2024-07-14 21:00:00,9685.361958761758,11.023026000000055,9696.384984761758
2024-07-14 22:00:00,9685.361958761758,6.151026000000056,9691.512984761757
2024-07-14 23:00:00,9685.361958761758,5.668026000000055,9691.029984761757
2024-07-15 00:00:00,9685.361958761758,10.298526000000056,9695.660484761758
2024-07-15 01:00:00,9685.361958761758,12.083526000000054,9697.445484761758
2024-07-15 02:00:00,9696.670890401008,12.131763000000026,9708.802653401008
2024-07-15 03:00:00,9696.670890401008,12.719763000000027,9709.390653401008
2024-07-15 04:00:00,9696.670890401008,12.436263000000027,9709.107153401008
2024-07-15 05:00:00,9696.670890401008,13.250013000000028,9709.92090340101
2024-07-15 06:00:00,9696.670890401008,13.712013000000027,9710.382903401009
2024-07-15 07:00:00,9696.670890401008,13.528263000000027,9710.199153401009
2024-07-15 08:00:00,9696.670890401008,13.439013000000026,9710.109903401008
2024-07-15 09:00:00,9696.670890401008,12.373263000000026,9709.044153401008
2024-07-15 10:00:00,9696.670890401008,11.701263000000028,9708.37215340101
2024-07-15 11:00:00,9696.670890401008,11.491263000000027,9708.162153401008
2024-07-15 12:00:00,9696.670890401008,12.294513000000027,9708.96540340101
2024-07-15 13:00:00,9696.670890401008,13.859013000000028,9710.529903401008
2024-07-15 14:00:00,9696.670890401008,15.381513000000027,9712.052403401009
2024-07-15 15:00:00,9696.670890401008,14.405013000000027,9711.075903401008
2024-07-15 16:00:00,9696.670890401008,16.520763000000027,9713.191653401009
2024-07-15 17:00:00,9696.670890401008,14.977263000000027,9711.648153401009
2024-07-15 18:00:00,9696.670890401008,17.040513000000026,9713.711403401008
2024-07-15 19:00:00,9696.670890401008,16.394763000000026,9713.065653401009
2024-07-15 20:00:00,9696.670890401008,18.274263000000026,9714.945153401008
2024-07-15 21:00:00,9696.670890401008,17.135013000000026,9713.805903401008
2024-07-15 22:00:00,9696.670890401008,21.503013000000024,9718.173903401008
2024-07-15 23:00:00,9703.464923615158,16.448609100000017,9719.913532715158
2024-07-16 00:00:00,9703.464923615158,15.967184100000017,9719.432107715158
2024-07-16 01:00:00,9703.464923615158,16.79038410000002,9720.255307715159
2024-07-16 02:00:00,9703.464923615158,16.705859100000016,9720.170782715159
2024-07-16 03:00:00,9703.464923615158,16.459634100000017,9719.924557715158
2024-07-16 04:00:00,9703.464923615158,15.577634100000017,9719.042557715158
2024-07-16 05:00:00,9703.464923615158,12.292184100000018,9715.757107715159
2024-07-16 06:00:00,9703.464923615158,9.546959100000018,9713.011882715158
2024-07-16 07:00:00,9703.464923615158,9.638834100000018,9713.103757715158
2024-07-16 08:00:00,9703.464923615158,9.286034100000018,9712.750957715158
2024-07-16 09:00:00,9703.464923615158,10.609034100000018,9714.073957715158
2024-07-16 10:00:00,9703.464923615158,11.700509100000017,9715.165432715157
2024-07-16 11:00:00,9703.464923615158,12.703784100000018,9716.168707715158
2024-07-16 12:00:00,9703.464923615158,12.847109100000019,9716.312032715157
2024-07-16 13:00:00,9703.464923615158,11.619659100000018,9715.084582715159
2024-07-16 14:00:00,9703.464923615158,12.902234100000017,9716.367157715158
2024-07-16 15:00:00,9703.464923615158,16.922684100000016,9720.387607715158
2024-07-16 16:00:00,9703.464923615158,15.551909100000017,9719.016832715159
2024-07-16 17:00:00,9703.464923615158,15.801809100000018,9719.266732715158
2024-07-16 18:00:00,9703.464923615158,16.610309100000016,9720.075232715159
2024-07-16 19:00:00,9703.464923615158,18.050909100000016,9721.515832715158
2024-07-16 20:00:00,9703.464923615158,16.213409100000018,9719.678332715159
2024-07-16 21:00:00,9703.464923615158,15.559259100000018,9719.024182715159
2024-07-16 22:00:00,9703.464923615158,15.963509100000017,9719.428432715158
2024-07-16 23:00:00,9703.464923615158,17.573159100000016,9721.038082715158
2024-07-17 00:00:00,9703.464923615158,19.120334100000015,9722.585257715158
2024-07-17 01:00:00,9703.464923615158,19.778159100000018,9723.243082715158
2024-07-17 02:00:00,9703.464923615158,19.531934100000015,9722.996857715158
2024-07-17 03:00:00,9703.464923615158,19.950884100000017,9723.415807715159
2024-07-17 04:00:00,9703.464923615158,20.336759100000016,9723.801682715159
2024-07-17 05:00:00,9703.464923615158,19.67158410000002,9723.136507715159
2024-07-17 06:00:00,9703.464923615158,19.473134100000017,9722.938057715159
2024-07-17 07:00:00,9703.464923615158,18.333884100000017,9721.798807715159
2024-07-17 08:00:00,9703.464923615158,18.010484100000017,9721.475407715157
2024-07-17 09:00:00,9703.464923615158,18.502934100000015,9721.967857715159
2024-07-17 10:00:00,9703.464923615158,17.804684100000017,9721.269607715158
2024-07-17 11:00:00,9703.464923615158,16.180334100000017,9719.645257715158
2024-07-17 12:00:00,9703.464923615158,16.264859100000017,9719.729782715158
2024-07-17 13:00:00,9703.464923615158,17.812034100000016,9721.276957715158
2024-07-17 14:00:00,9703.464923615158,17.437184100000017,9720.902107715157
2024-07-17 15:00:00,9703.464923615158,16.294259100000016,9719.759182715157
2024-07-17 16:00:00,9703.464923615158,14.519234100000018,9717.984157715158
2024-07-17 17:00:00,9703.464923615158,14.614784100000017,9718.079707715158
2024-07-17 18:00:00,9703.464923615158,15.331409100000018,9718.796332715157
2024-07-17 19:00:00,9703.464923615158,15.643784100000017,9719.108707715159
2024-07-17 20:00:00,9703.464923615158,15.460034100000017,9718.924957715159
2024-07-17 21:00:00,9703.464923615158,14.739734100000017,9718.204657715158
2024-07-17 22:00:00,9703.464923615158,14.508209100000018,9717.973132715158
2024-07-17 23:00:00,9703.464923615158,13.956959100000018,9717.421882715158
2024-07-18 00:00:00,9703.464923615158,15.202784100000017,9718.667707715158
2024-07-18 01:00:00,9703.464923615158,15.923084100000017,9719.388007715159
2024-07-18 02:00:00,9703.464923615158,16.088459100000016,9719.553382715158
2024-07-18 03:00:00,9703.464923615158,16.713209100000018,9720.178132715158
2024-07-18 04:00:00,9703.464923615158,15.640109100000018,9719.105032715159
2024-07-18 05:00:00,9703.464923615158,16.308959100000017,9719.773882715159
2024-07-18 06:00:00,9703.464923615158,17.198309100000017,9720.663232715158
2024-07-18 07:00:00,9703.464923615158,16.02230910000002,9719.487232715159
2024-07-18 08:00:00,9703.464923615158,16.970459100000017,9720.435382715159
2024-07-18 09:00:00,9703.464923615158,16.709534100000017,9720.174457715158
2024-07-18 10:00:00,9703.464923615158,15.724634100000017,9719.189557715159
2024-07-18 11:00:00,9703.464923615158,16.220759100000016,9719.685682715159
2024-07-18 12:00:00,9703.464923615158,16.742609100000017,9720.207532715158
2024-07-18 13:00:00,9703.464923615158,15.772409100000017,9719.237332715158
2024-07-18 14:00:00,9703.464923615158,13.552709100000017,9717.017632715158
2024-07-18 15:00:00,9703.464923615158,11.854859100000018,9715.319782715158
2024-07-18 16:00:00,9703.464923615158,13.163159100000017,9716.628082715159
2024-07-18 17:00:00,9703.464923615158,11.961434100000018,9715.426357715158
2024-07-18 18:00:00,9703.464923615158,11.814434100000017,9715.279357715159
2024-07-18 19:00:00,9703.464923615158,11.645384100000017,9715.110307715158
2024-07-18 20:00:00,9703.464923615158,12.876509100000018,9716.341432715159
2024-07-18 21:00:00,9703.464923615158,12.920609100000018,9716.385532715158
2024-07-18 22:00:00,9703.464923615158,13.501259100000018,9716.966182715158
2024-07-18 23:00:00,9703.464923615158,13.383659100000017,9716.848582715158
2024-07-19 00:00:00,9703.464923615158,12.012884100000019,9715.477807715159
2024-07-19 01:00:00,9703.464923615158,12.729509100000017,9716.194432715158
2024-07-19 02:00:00,9703.464923615158,12.832409100000017,9716.297332715158
2024-07-19 03:00:00,9703.464923615158,14.644184100000018,9718.109107715158
2024-07-19 04:00:00,9703.464923615158,14.063534100000018,9717.528457715158
2024-07-19 05:00:00,9703.464923615158,14.173784100000018,9717.638707715158
2024-07-19 06:00:00,9703.464923615158,14.324459100000018,9717.789382715158
2024-07-19 07:00:00,9703.464923615158,12.468584100000017,9715.933507715157
2024-07-19 08:00:00,9703.464923615158,12.784634100000018,9716.249557715159
2024-07-19 09:00:00,9703.464923615158,12.509009100000018,9715.973932715158
2024-07-19 10:00:00,9703.464923615158,13.486559100000017,9716.951482715158
2024-07-19 11:00:00,9703.464923615158,13.920209100000017,9717.385132715159
2024-07-19 12:00:00,9703.464923615158,15.004334100000017,9718.469257715158
2024-07-19 13:00:00,9703.464923615158,17.79733410000002,9721.262257715158
2024-07-19 14:00:00,9703.464923615158,19.811234100000018,9723.276157715158
2024-07-19 15:00:00,9703.464923615158,20.215484100000015,9723.680407715157
2024-07-19 16:00:00,9703.464923615158,22.383734100000016,9725.848657715158
2024-07-19 17:00:00,9725.25277004586,-0.3511409999999523,9724.90162904586
2024-07-19 18:00:00,9725.25277004586,-0.5926409999999522,9724.66012904586
2024-07-19 19:00:00,9725.25277004586,-4.666640999999951,9720.58612904586
2024-07-19 20:00:00,9725.25277004586,-2.010140999999952,9723.242629045859
2024-07-19 21:00:00,9725.25277004586,-1.7266409999999521,9723.52612904586
2024-07-19 22:00:00,9722.436075367861,-0.3507944999999963,9722.085280867861
2024-07-19 23:00:00,9722.436075367861,-0.6552944999999962,9721.78078086786
2024-07-20 00:00:00,9722.436075367861,-3.122794499999996,9719.313280867862
2024-07-20 01:00:00,9722.436075367861,-3.910294499999996,9718.525780867862
2024-07-20 02:00:00,9722.436075367861,-1.4847944999999962,9720.951280867861
2024-07-20 03:00:00,9722.436075367861,-0.8967944999999963,9721.53928086786
2024-07-20 04:00:00,9722.436075367861,-0.6657944999999963,9721.77028086786
2024-07-20 05:00:00,9722.436075367861,-1.936294499999996,9720.499780867862
2024-07-20 06:00:00,9722.436075367861,-1.0017944999999961,9721.434280867861
2024-07-20 07:00:00,9722.436075367861,-1.369294499999996,9721.06678086786
2024-07-20 08:00:00,9722.436075367861,-2.450794499999996,9719.98528086786
2024-07-20 09:00:00,9722.436075367861,-1.1592944999999961,9721.276780867862
2024-07-20 10:00:00,9722.436075367861,-2.356294499999996,9720.079780867862
2024-07-20 11:00:00,9722.436075367861,-2.377294499999996,9720.058780867861
2024-07-20 12:00:00,9722.436075367861,-2.524294499999996,9719.911780867862
2024-07-20 13:00:00,9722.436075367861,-2.2302944999999963,9720.205780867862
2024-07-20 14:00:00,9722.436075367861,-1.673794499999996,9720.76228086786
2024-07-20 15:00:00,9722.436075367861,0.5627055000000036,9722.998780867862
2024-07-20 16:00:00,9722.436075367861,0.8252055000000036,9723.26128086786
2024-07-20 17:00:00,9722.436075367861,6.684205500000003,9729.12028086786
2024-07-20 18:00:00,9722.436075367861,7.671205500000003,9730.107280867862
2024-07-20 19:00:00,9722.436075367861,5.193205500000003,9727.62928086786
2024-07-20 20:00:00,9722.436075367861,6.516205500000003,9728.952280867861
2024-07-20 21:00:00,9722.436075367861,3.9017055000000034,9726.337780867862
2024-07-20 22:00:00,9722.436075367861,4.048705500000003,9726.48478086786
2024-07-20 23:00:00,9722.436075367861,4.069705500000003,9726.505780867861
2024-07-21 00:00:00,9722.436075367861,3.1877055000000034,9725.623780867862
2024-07-21 01:00:00,9722.436075367861,5.781205500000003,9728.21728086786
2024-07-21 02:00:00,9722.436075367861,5.854705500000003,9728.290780867861
2024-07-21 03:00:00,9722.436075367861,4.447705500000003,9726.883780867862
2024-07-21 04:00:00,9722.436075367861,3.145705500000003,9725.58178086786
2024-07-21 05:00:00,9722.436075367861,3.334705500000003,9725.77078086786
2024-07-21 06:00:00,9722.436075367861,-0.2037944999999963,9722.232280867862
2024-07-21 07:00:00,9722.436075367861,-0.5922944999999963,9721.843780867861
2024-07-21 08:00:00,9722.436075367861,0.5837055000000037,9723.01978086786
2024-07-21 09:00:00,9722.436075367861,2.4527055000000035,9724.888780867861
2024-07-21 10:00:00,9722.436075367861,0.8567055000000036,9723.292780867861
2024-07-21 11:00:00,9722.436075367861,1.0982055000000035,9723.534280867862
2024-07-21 12:00:00,9722.436075367861,1.9172055000000034,9724.353280867861
2024-07-21 13:00:00,9722.436075367861,0.4157055000000036,9722.85178086786
2024-07-21 14:00:00,9722.436075367861,6.0017055000000035,9728.437780867862
2024-07-21 15:00:00,9722.436075367861,4.521205500000003,9726.95728086786
2024-07-21 16:00:00,9722.436075367861,8.500705500000002,9730.936780867862
2024-07-21 17:00:00,9722.436075367861,-1.1697944999999963,9721.266280867861
2024-07-21 18:00:00,9722.436075367861,1.1822055000000036,9723.61828086786
2024-07-21 19:00:00,9722.436075367861,7.293205500000003,9729.729280867861
2024-07-21 20:00:00,9722.436075367861,10.369705500000002,9732.80578086786
2024-07-21 21:00:00,9722.436075367861,14.758705500000001,9737.194780867861
2024-07-21 22:00:00,9722.436075367861,13.299205500000003,9735.73528086786
2024-07-21 23:00:00,9722.436075367861,14.842705500000003,9737.27878086786
2024-07-22 00:00:00,9734.756923891862,-0.2560987500000192,9734.500825141862
2024-07-22 01:00:00,9734.756923891862,2.226401249999981,9736.983325141862
2024-07-22 02:00:00,9734.756923891862,0.5839012499999807,9735.340825141862
2024-07-22 03:00:00,9734.756923891862,2.226401249999981,9736.983325141862
2024-07-22 04:00:00,9734.756923891862,2.0464012499999806,9736.803325141862
2024-07-22 05:00:00,9736.730238526863,-0.25384124999996854,9736.476397276863
2024-07-22 06:00:00,9736.730238526863,-1.8588412499999685,9734.871397276864
2024-07-22 07:00:00,9736.730238526863,-2.9613412499999683,9733.768897276863
2024-07-22 08:00:00,9736.730238526863,-4.048841249999969,9732.681397276863
2024-07-22 09:00:00,9736.730238526863,-1.8138412499999685,9734.916397276864
2024-07-22 10:00:00,9736.730238526863,-1.6638412499999684,9735.066397276863
2024-07-22 11:00:00,9736.730238526863,-0.9138412499999685,9735.816397276863
2024-07-22 12:00:00,9736.730238526863,0.4886587500000314,9737.218897276864
2024-07-22 13:00:00,9736.730238526863,-3.7263412499999684,9733.003897276863
2024-07-22 14:00:00,9736.730238526863,-6.958841249999968,9729.771397276863
2024-07-22 15:00:00,9736.730238526863,-4.153841249999968,9732.576397276864
2024-07-22 16:00:00,9736.730238526863,-4.416341249999968,9732.313897276863
2024-07-22 17:00:00,9736.730238526863,-1.2063412499999686,9735.523897276864
2024-07-22 18:00:00,9736.730238526863,-1.0713412499999686,9735.658897276862
2024-07-22 19:00:00,9736.730238526863,4.748658750000032,9741.478897276864
2024-07-22 20:00:00,9736.730238526863,3.8411587500000315,9740.571397276863
2024-07-22 21:00:00,9736.730238526863,1.7036587500000313,9738.433897276864
2024-07-22 22:00:00,9736.730238526863,0.6536587500000314,9737.383897276863
2024-07-22 23:00:00,9736.730238526863,-0.20134124999996855,9736.528897276863
2024-07-23 00:00:00,9736.730238526863,-0.38134124999996855,9736.348897276863
2024-07-23 01:00:00,9736.730238526863,-1.2738412499999685,9735.456397276863
2024-07-23 02:00:00,9736.730238526863,0.2561587500000314,9736.986397276863
2024-07-23 03:00:00,9736.730238526863,-0.8613412499999685,9735.868897276863
2024-07-23 04:00:00,9736.730238526863,-4.843841249999969,9731.886397276863
2024-07-23 05:00:00,9736.730238526863,-8.713841249999968,9728.016397276862
2024-07-23 06:00:00,9736.730238526863,-7.986341249999969,9728.743897276863
2024-07-23 07:00:00,9736.730238526863,-7.873841249999968,9728.856397276862
2024-07-23 08:00:00,9736.730238526863,-5.563841249999968,9731.166397276864
2024-07-23 09:00:00,9736.730238526863,-4.603841249999968,9732.126397276863
2024-07-23 10:00:00,9736.730238526863,-5.181341249999968,9731.548897276863
2024-07-23 11:00:00,9736.730238526863,-6.936341249999968,9729.793897276862
2024-07-23 12:00:00,9736.730238526863,-8.451341249999968,9728.278897276863
2024-07-23 13:00:00,9722.917788526864,-0.24817874999993364,9722.669609776864
2024-07-23 14:00:00,9722.917788526864,8.189321250000066,9731.107109776864
2024-07-23 15:00:00,9722.917788526864,3.4718212500000663,9726.389609776863
2024-07-23 16:00:00,9722.917788526864,-2.130678749999934,9720.787109776864
2024-07-23 17:00:00,9722.917788526864,-1.4706787499999336,9721.447109776864
2024-07-23 18:00:00,9722.917788526864,-2.0406787499999335,9720.877109776864
2024-07-23 19:00:00,9722.917788526864,-4.680678749999934,9718.237109776865
2024-07-23 20:00:00,9722.917788526864,-1.7781787499999335,9721.139609776863
2024-07-23 21:00:00,9722.917788526864,-1.6356787499999337,9721.282109776863
2024-07-23 22:00:00,9722.917788526864,-1.2231787499999336,9721.694609776863
2024-07-23 23:00:00,9722.917788526864,-0.8481787499999336,9722.069609776863
2024-07-24 00:00:00,9722.917788526864,-2.0256787499999334,9720.892109776863
2024-07-24 01:00:00,9722.917788526864,-3.0681787499999333,9719.849609776864
2024-07-24 02:00:00,9722.917788526864,-1.7106787499999336,9721.207109776864
2024-07-24 03:00:00,9722.917788526864,-0.4356787499999336,9722.482109776864
2024-07-24 04:00:00,9722.917788526864,-1.7406787499999337,9721.177109776863
2024-07-24 05:00:00,9722.917788526864,-2.1981787499999337,9720.719609776863
2024-07-24 06:00:00,9722.917788526864,-1.5231787499999336,9721.394609776864
2024-07-24 07:00:00,9722.917788526864,-0.33817874999993364,9722.579609776863
2024-07-24 08:00:00,9722.917788526864,2.6543212500000664,9725.572109776864
2024-07-24 09:00:00,9722.917788526864,2.5493212500000664,9725.467109776864
2024-07-24 10:00:00,9723.796812991864,-0.24986624999997728,9723.546946741864
2024-07-24 11:00:00,9723.796812991864,0.6051337500000227,9724.401946741864
2024-07-24 12:00:00,9723.796812991864,1.8351337500000227,9725.631946741865
2024-07-24 13:00:00,9723.796812991864,0.7176337500000227,9724.514446741865
2024-07-24 14:00:00,9723.796812991864,-2.604866249999977,9721.191946741865
2024-07-24 15:00:00,9723.796812991864,1.9026337500000225,9725.699446741864
2024-07-24 16:00:00,9723.796812991864,0.5451337500000227,9724.341946741864
2024-07-24 17:00:00,9723.796812991864,-1.4048662499999773,9722.391946741864
2024-07-24 18:00:00,9723.796812991864,4.962633750000022,9728.759446741864
2024-07-24 19:00:00,9723.796812991864,5.802633750000022,9729.599446741864
2024-07-24 20:00:00,9723.796812991864,2.9376337500000225,9726.734446741864
2024-07-24 21:00:00,9723.796812991864,6.132633750000022,9729.929446741864
2024-07-24 22:00:00,9723.796812991864,8.930133750000023,9732.726946741865
2024-07-24 23:00:00,9723.796812991864,8.367633750000023,9732.164446741865
2024-07-25 00:00:00,9723.796812991864,7.392633750000022,9731.189446741864
2024-07-25 01:00:00,9734.699398801866,-0.8068999999999505,9733.892498801866
2024-07-25 02:00:00,9734.699398801866,-6.6568999999999505,9728.042498801866
2024-07-25 03:00:00,9734.699398801866,-9.081899999999951,9725.617498801867
2024-07-25 04:00:00,9734.699398801866,-6.056899999999951,9728.642498801866
2024-07-25 05:00:00,9734.699398801866,-5.256899999999951,9729.442498801865
2024-07-25 06:00:00,9734.699398801866,-4.606899999999951,9730.092498801865
2024-07-25 07:00:00,9734.699398801866,-9.481899999999952,9725.217498801865
2024-07-25 08:00:00,9734.699398801866,-4.2818999999999505,9730.417498801866
2024-07-25 09:00:00,9734.699398801866,-5.481899999999951,9729.217498801865
2024-07-25 10:00:00,9734.699398801866,-8.13189999999995,9726.567498801865
2024-07-25 11:00:00,9734.699398801866,-9.28189999999995,9725.417498801866
2024-07-25 12:00:00,9734.699398801866,-10.256899999999952,9724.442498801865
2024-07-25 13:00:00,9734.699398801866,-12.55689999999995,9722.142498801866
2024-07-25 14:00:00,9738.986746751867,0.0,9738.986746751867
2024-07-25 15:00:00,9738.986746751867,0.0,9738.986746751867
2024-07-25 16:00:00,9738.012219259366,-0.24375374999995983,9737.768465509367
2024-07-25 17:00:00,9738.012219259366,-1.0537537499999599,9736.958465509366
2024-07-25 18:00:00,9738.543865515616,1.13812312500002,9739.681988640616
2024-07-25 19:00:00,9738.543865515616,0.6656231250000201,9739.209488640616
2024-07-25 20:00:00,9736.312368390616,0.0,9736.312368390616
2024-07-25 21:00:00,9734.664842565617,-0.4120874999998705,9734.252755065616
2024-07-25 22:00:00,9734.664842565617,1.8629125000001296,9736.527755065617
2024-07-25 23:00:00,9734.664842565617,0.6504125000001295,9735.315255065616
2024-07-26 00:00:00,9734.664842565617,-7.712087499999871,9726.952755065617
2024-07-26 01:00:00,9734.664842565617,-8.16208749999987,9726.502755065616
2024-07-26 02:00:00,9734.664842565617,-14.87458749999987,9719.790255065616
2024-07-26 03:00:00,9734.664842565617,-15.18708749999987,9719.477755065616
2024-07-26 04:00:00,9734.664842565617,-15.49958749999987,9719.165255065616
2024-07-26 05:00:00,9734.664842565617,-13.78708749999987,9720.877755065616
2024-07-26 06:00:00,9734.664842565617,-15.962087499999871,9718.702755065617
2024-07-26 07:00:00,9734.664842565617,-13.737087499999872,9720.927755065617
2024-07-26 08:00:00,9734.664842565617,-16.074587499999872,9718.590255065617
2024-07-26 09:00:00,9713.745474990617,0.0,9713.745474990617
2024-07-26 10:00:00,9711.385435560618,-0.5897149999998146,9710.795720560618
2024-07-26 11:00:00,9711.385435560618,-0.18721499999981459,9711.198220560618
2024-07-26 12:00:00,9711.385435560618,0.33778500000018535,9711.723220560618
2024-07-26 13:00:00,9711.385435560618,10.907785000000183,9722.293220560618
2024-07-26 14:00:00,9711.385435560618,1.0377850000001854,9712.423220560619
2024-07-26 15:00:00,9711.385435560618,4.730285000000185,9716.115720560618
2024-07-26 16:00:00,9711.385435560618,1.7902850000001853,9713.175720560619
2024-07-26 17:00:00,9711.385435560618,1.5977850000001852,9712.983220560618
2024-07-26 18:00:00,9711.385435560618,4.502785000000185,9715.888220560619
2024-07-26 19:00:00,9711.385435560618,12.272785000000184,9723.65822056062
2024-07-26 20:00:00,9711.385435560618,2.577785000000185,9713.963220560618
2024-07-26 21:00:00,9711.385435560618,11.415285000000184,9722.800720560619
2024-07-26 22:00:00,9711.385435560618,11.327785000000183,9722.713220560618
2024-07-26 23:00:00,9711.385435560618,11.047785000000184,9722.433220560619
2024-07-27 00:00:00,9711.385435560618,10.365285000000185,9721.750720560618
2024-07-27 01:00:00,9711.385435560618,6.532785000000184,9717.918220560618
2024-07-27 02:00:00,9711.385435560618,12.587785000000185,9723.973220560618
2024-07-27 03:00:00,9711.385435560618,8.930285000000184,9720.315720560619
2024-07-27 04:00:00,9711.385435560618,10.207785000000184,9721.593220560619
2024-07-27 05:00:00,9711.385435560618,10.767785000000185,9722.153220560618
2024-07-27 06:00:00,9711.385435560618,13.812785000000185,9725.198220560618
2024-07-27 07:00:00,9711.385435560618,13.655285000000184,9725.040720560619
2024-07-27 08:00:00,9711.385435560618,12.115285000000185,9723.500720560618
2024-07-27 09:00:00,9711.385435560618,16.070285000000183,9727.455720560618
2024-07-27 10:00:00,9711.385435560618,15.212785000000183,9726.598220560618
2024-07-27 11:00:00,9711.385435560618,16.122785000000185,9727.508220560618
2024-07-27 12:00:00,9711.385435560618,19.447785000000184,9730.833220560618
2024-07-27 13:00:00,9711.385435560618,34.70778500000018,9746.093220560619
2024-07-27 14:00:00,9711.385435560618,29.965285000000183,9741.350720560618
2024-07-27 15:00:00,9711.385435560618,27.550285000000184,9738.935720560617
2024-07-27 16:00:00,9711.385435560618,24.732785000000185,9736.118220560618
2024-07-27 17:00:00,9711.385435560618,22.090285000000183,9733.475720560618
2024-07-27 18:00:00,9711.385435560618,22.422785000000182,9733.808220560619
2024-07-27 19:00:00,9711.385435560618,17.312785000000183,9728.698220560618
2024-07-27 20:00:00,9711.385435560618,9.315285000000184,9720.700720560619
2024-07-27 21:00:00,9711.385435560618,27.567785000000182,9738.953220560617
2024-07-27 22:00:00,9711.385435560618,23.402785000000183,9734.788220560618
2024-07-27 23:00:00,9711.385435560618,10.382785000000185,9721.768220560618
2024-07-28 00:00:00,9711.385435560618,11.065285000000184,9722.450720560619
2024-07-28 01:00:00,9711.385435560618,14.390285000000183,9725.775720560618
2024-07-28 02:00:00,9711.385435560618,14.862785000000184,9726.248220560617
2024-07-28 03:00:00,9711.385435560618,11.905285000000184,9723.290720560619
2024-07-28 04:00:00,9711.385435560618,0.9502850000001853,9712.335720560619
2024-07-28 05:00:00,9711.385435560618,2.035285000000185,9713.420720560618
2024-07-28 06:00:00,9711.385435560618,3.680285000000185,9715.065720560619
2024-07-28 07:00:00,9711.385435560618,4.240285000000185,9715.625720560618
2024-07-28 08:00:00,9711.385435560618,1.2827850000001852,9712.668220560618
2024-07-28 09:00:00,9711.385435560618,2.682785000000185,9714.068220560619
2024-07-28 10:00:00,9711.385435560618,5.2552850000001845,9716.640720560617
2024-07-28 11:00:00,9711.385435560618,9.892785000000185,9721.278220560618
2024-07-28 12:00:00,9711.385435560618,13.147785000000184,9724.53322056062
2024-07-28 13:00:00,9711.385435560618,12.937785000000185,9724.323220560618
2024-07-28 14:00:00,9711.385435560618,8.317785000000185,9719.70322056062
2024-07-28 15:00:00,9711.385435560618,6.497785000000185,9717.883220560618
2024-07-28 16:00:00,9711.385435560618,7.425285000000184,9718.810720560617
2024-07-28 17:00:00,9711.385435560618,12.167785000000183,9723.553220560618
2024-07-28 18:00:00,9711.385435560618,16.595285000000185,9727.980720560618
2024-07-28 19:00:00,9711.385435560618,15.072785000000184,9726.458220560618
2024-07-28 20:00:00,9720.039566320618,-0.4261999999998807,9719.613366320618
2024-07-28 21:00:00,9720.039566320618,-0.2511999999998807,9719.788366320618
2024-07-28 22:00:00,9720.039566320618,-0.17619999999988067,9719.863366320618
2024-07-28 23:00:00,9720.039566320618,-3.263699999999881,9716.775866320619
2024-07-29 00:00:00,9720.039566320618,-9.15119999999988,9710.888366320618
2024-07-29 01:00:00,9720.039566320618,-7.463699999999881,9712.575866320618
2024-07-29 02:00:00,9698.145775883118,0.0,9698.145775883118
2024-07-29 03:00:00,9698.145775883118,0.0,9698.145775883118
2024-07-29 04:00:00,9698.145775883118,0.0,9698.145775883118
2024-07-29 05:00:00,9698.145775883118,0.0,9698.145775883118
2024-07-29 06:00:00,9696.679684203618,-0.36633974999989727,9696.313344453618
2024-07-29 07:00:00,9696.679684203618,-1.2063397499998971,9695.473344453618
2024-07-29 08:00:00,9696.679684203618,-1.8468397499998972,9694.832844453618
2024-07-29 09:00:00,9696.679684203618,-1.0908397499998972,9695.588844453618
2024-07-29 10:00:00,9696.679684203618,-0.2613397499998973,9696.41834445362
2024-07-29 11:00:00,9696.679684203618,-0.41883974999989726,9696.260844453618
2024-07-29 12:00:00,9696.679684203618,1.3451602500001025,9698.02484445362
2024-07-29 13:00:00,9696.679684203618,-4.4823397499998965,9692.197344453618
2024-07-29 14:00:00,9679.52584838912,0.0,9679.52584838912
2024-07-29 15:00:00,9679.52584838912,0.0,9679.52584838912
2024-07-29 16:00:00,9679.52584838912,0.0,9679.52584838912
2024-07-29 17:00:00,9677.51076134912,-0.5035199999999895,9677.00724134912
2024-07-29 18:00:00,9677.51076134912,5.55648000000001,9683.06724134912
2024-07-29 19:00:00,9677.51076134912,3.7414800000000104,9681.25224134912
2024-07-29 20:00:00,9677.51076134912,4.71648000000001,9682.22724134912
2024-07-29 21:00:00,9677.51076134912,6.831480000000011,9684.34224134912
2024-07-29 22:00:00,9677.51076134912,2.4514800000000103,9679.96224134912
2024-07-29 23:00:00,9677.51076134912,-3.5485199999999892,9673.96224134912
2024-07-30 00:00:00,9677.51076134912,-7.133519999999989,9670.37724134912
2024-07-30 01:00:00,9677.51076134912,-13.388519999999989,9664.12224134912
2024-07-30 02:00:00,9677.51076134912,-9.83351999999999,9667.67724134912
2024-07-30 03:00:00,9677.51076134912,-7.223519999999989,9670.28724134912
2024-07-30 04:00:00,9677.51076134912,-3.8035199999999896,9673.70724134912
2024-07-30 05:00:00,9677.51076134912,-8.01851999999999,9669.49224134912
2024-07-30 06:00:00,9677.51076134912,-4.28351999999999,9673.22724134912
2024-07-30 07:00:00,9677.51076134912,-1.6435199999999894,9675.86724134912
2024-07-30 08:00:00,9677.51076134912,-4.1635199999999895,9673.34724134912
2024-07-30 09:00:00,9677.51076134912,-6.69851999999999,9670.81224134912
2024-07-30 10:00:00,9677.51076134912,-6.848519999999989,9670.66224134912
2024-07-30 11:00:00,9677.51076134912,-6.503519999999989,9671.00724134912
2024-07-30 12:00:00,9677.51076134912,-5.588519999999989,9671.92224134912
2024-07-30 13:00:00,9677.51076134912,-9.74351999999999,9667.76724134912
2024-07-30 14:00:00,9677.51076134912,-18.81851999999999,9658.69224134912
2024-07-30 15:00:00,9677.51076134912,-11.873519999999989,9665.63724134912
2024-07-30 16:00:00,9677.51076134912,-12.78851999999999,9664.72224134912
2024-07-30 17:00:00,9677.51076134912,-17.90351999999999,9659.60724134912
2024-07-30 18:00:00,9677.51076134912,-18.48851999999999,9659.02224134912
2024-07-30 19:00:00,9677.51076134912,-18.35351999999999,9659.15724134912
2024-07-30 20:00:00,9677.51076134912,-12.87851999999999,9664.63224134912
2024-07-30 21:00:00,9677.51076134912,-10.82351999999999,9666.68724134912
2024-07-30 22:00:00,9677.51076134912,-12.353519999999989,9665.15724134912
2024-07-30 23:00:00,9677.51076134912,-12.308519999999989,9665.20224134912
2024-07-31 00:00:00,9663.37257020912,-0.41564999999991414,9662.956920209119
2024-07-31 01:00:00,9663.37257020912,0.5968500000000859,9663.96942020912
2024-07-31 02:00:00,9663.37257020912,2.521850000000086,9665.894420209119
2024-07-31 03:00:00,9663.37257020912,3.284350000000086,9666.65692020912
2024-07-31 04:00:00,9663.37257020912,6.671850000000086,9670.04442020912
2024-07-31 05:00:00,9663.37257020912,2.496850000000086,9665.86942020912
2024-07-31 06:00:00,9663.37257020912,-1.3656499999999143,9662.00692020912
2024-07-31 07:00:00,9663.37257020912,1.484350000000086,9664.85692020912
2024-07-31 08:00:00,9663.37257020912,0.24685000000008586,9663.61942020912
2024-07-31 09:00:00,9663.37257020912,1.0218500000000859,9664.394420209119
2024-07-31 10:00:00,9663.37257020912,4.446850000000086,9667.81942020912
2024-07-31 11:00:00,9663.37257020912,3.421850000000086,9666.79442020912
2024-07-31 12:00:00,9663.37257020912,2.621850000000086,9665.99442020912
2024-07-31 13:00:00,9663.37257020912,-2.315649999999914,9661.05692020912
2024-07-31 14:00:00,9663.37257020912,-0.9031499999999142,9662.46942020912
2024-07-31 15:00:00,9663.37257020912,-0.6656499999999141,9662.706920209119
2024-07-31 16:00:00,9663.37257020912,-0.6906499999999142,9662.68192020912
2024-07-31 17:00:00,9663.37257020912,-3.9906499999999143,9659.38192020912
2024-07-31 18:00:00,9663.37257020912,-2.253149999999914,9661.11942020912
2024-07-31 19:00:00,9663.37257020912,13.934350000000087,9677.30692020912
2024-07-31 20:00:00,9663.37257020912,22.559350000000087,9685.93192020912
2024-07-31 21:00:00,9663.37257020912,17.796850000000088,9681.16942020912
2024-07-31 22:00:00,9677.28399288662,-0.48779249999992313,9676.79620038662
2024-07-31 23:00:00,9677.28399288662,-5.212792499999923,9672.07120038662
2024-08-01 00:00:00,9677.28399288662,-5.152792499999923,9672.13120038662
